,store,sido,gungu,store_address
0,가락2호,서울,송파구,서울 송파구 가락동 75-7(서울 송파구 양재대로 62길 35 다우빌딩 1층)
1,가산디지털,서울,금천구,서울 금천구 가산동 371-6 가산비지니스센터 2층(서울 금천구 가산디지털1로 165)
2,가양,서울,강서구,서울 강서구 등촌동 75-1(서울 강서구 양천로 482 삼부르네상스 109호)
3,강서구청,서울,강서구,서울 강서구 화곡6동 987-7(서울 강서구 화곡로 289)
4,강일,서울,강동구,서울 강동구 강일동 679-3 리슈빌오피스텔(서울 강동구 아리수로 419 리슈빌오피스텔)
5,개봉1호,서울,구로구,서울 구로구 개봉동 403-159(서울 구로구 개봉로 30-1)
6,개포1호,서울,강남구,서울 강남구 개포동 1229-18(서울 강남구 논현로16길 5)
7,거여가락1호,서울,송파구,서울 송파구 가락동 180-9(서울 송파구 문정로 143)
8,건대,서울,광진구,서울 광진구 화양동 9-18(서울 광진구 아차산로 31길 13)
9,경희대,서울,동대문구,서울 동대문구 회기동 42-16(서울 동대문구 경희대로3길 20)
10,고덕1호,서울,강동구,서울 강동구 고덕동 650-1(서울 강동구 고덕로61길 116)
11,고척1호,서울,구로구,서울 구로구 개봉1동 126-4(서울 구로구 고척로 129)
12,공릉1호,서울,노원구,서울 노원구 공릉동 338-6(서울 노원구 공릉로 35길 2)
13,공릉2호,서울,노원구,서울 노원구 공릉동 461-1(서울 노원구 공릉로 235)
14,광장,서울,광진구,서울 광진구 광장동 530-13(서울 광진구 광나루로 607(광장동))
15,구로2호,서울,구로구,서울 구로구 구로동 74-30(서울 구로구 구로중앙로 18길 68)
16,구로디지털,서울,구로구,서울 구로구 구로동 826-1(서울 구로구 디지털로 26길 110)
17,구산역,서울,은평구,서울 은평구 갈현2동 464-14(서울 은평구 연서로 157)
18,구의2호,서울,광진구,서울 광진구 구의동 229-43(서울 광진구 광나루로 544)
19,금호1호,서울,성동구,서울 성동구 금호동1가 1801-3(서울 성동구 금호로 62)
20,개포1호,서울,강남구,서울 강남구 개포동 1229-18(서울 강남구 논현로16길 5)
21,논현1호,서울,강남구,서울 강남구 논현동 184-21(서울 강남구 강남대로114길 15(논현동))
22,대치1호,서울,강남구,서울 강남구 대치동936(서울 강남구 선릉로 312)
23,대치2호,서울,강남구,"서울 강남구 대치동 990번지 삼성상가 113호 1/2(서울 강남구 도곡로 516, 삼정상가 113호의 1/2)"
24,삼성1호,서울,강남구,서울 강남구 삼성동 44-18(서울 강남구 봉은사로 451)
25,세곡,서울,강남구,서울 강남구 자곡동 611(서울 강남구 자곡로 101 강남레미안힐즈상가 103호)
26,압구정신사,서울,강남구,"서울 강남구 신사동 640-5 대성빌딩 1층 1호(서울 강남구 언주로172길 29, 대성빌딩 1층 1호)"
27,역삼1호,서울,강남구,서울 강남구 역삼동 837-15(서울 강남구 강남대로 66길 16 1층)
28,일원본동,서울,강남구,"서울 강남구 수서동 747 삼성아파트 상가 104호(서울 강남구 광평로31길 27, 삼성아파트 상가 104호)"
29,청담역,서울,강남구,서울 강남구 청담동 65 진흥아파트상가(서울 강남구 학동로 87길 9 진흥아파트상가)
30,강일,서울,강동구,서울 강동구 강일동 679-3 리슈빌오피스텔(서울 강동구 아리수로 419 리슈빌오피스텔)
31,고덕1호,서울,강동구,서울 강동구 고덕동 650-1(서울 강동구 고덕로61길 116)
32,길1호,서울,강동구,서울 강동구 길동 347-31(서울 강동구 천중로 201)
33,명일1호,서울,강동구,서울 강동구 명일동 328-2(서울 강동구 구천면로 438)
34,성내,서울,강동구,"서울 강동구 성내2동 509-7 1층(서울 강동구 풍성로 143, 1층)"
35,암사1호,서울,강동구,서울 강동구 천호동 287-22(서울 강동구 올림픽로92길 11)
36,암사2호,서울,강동구,서울 강동구 암사동 446-18(서울 강동구 고덕로 85)
37,천호1호,서울,강동구,서울 강동구 천호동 550번지(서울 강동구 구천면로 216)
38,덕성여대,서울,강북구,서울 강북구 우이동 72-148(서울 강북구 삼양로 525)
39,미아1호,서울,강북구,서울 강북구 미아5동 1264-233(서울 강북구 삼양로 128)
40,미아역,서울,강북구,서울 강북구 미아동 131-8(서울 강북구 도봉로 142)
41,수유1호,서울,강북구,서울 강북구 수유동 385-2(서울 강북구 삼각산로 119)
42,수유역점,서울,강북구,서울 강북구 번동 461-127(서울 강북구 한천로 1016)
43,가양,서울,강서구,서울 강서구 등촌동 75-1(서울 강서구 양천로 482 삼부르네상스 109호)
44,강서구청,서울,강서구,서울 강서구 화곡6동 987-7(서울 강서구 화곡로 289)
45,까치산역,서울,강서구,"서울 강서구 화곡동 343-62 라인씨티 1층(서울 강서구 곰달래로 125, 라인씨티 1층)"
46,등촌,서울,강서구,서울 강서구 등촌동 649-14(서울 강서구 공항대로 509)
47,마곡1호,서울,강서구,서울 강서구 강서로 마곡동 784-11 마곡오드카운티1차 111호(서울 강서구 강서로 429 마곡오드카운티1차 111호)
48,발산역,서울,강서구,"서울 강서구 내발산동 655-6번지 1층 13호(서울 강서구 강서로 341, 1층 13호)"
49,방화2호,서울,강서구,서울 강서구 방화2동 580-27(서울 강서구 방화동로 113-1)
50,염창,서울,강서구,서울 강서구 염창동 250-16(서울 강서구 양천로 697)
51,화곡2호,서울,강서구,서울 강서구 화곡동 400-45(서울 강서구 가로공원로 227)
52,봉천2호,서울,관악구,서울 관악구 봉천동 1674-20(서울 관악구 남부순환로 1881)
53,봉천3호,서울,관악구,서울 관악구 봉천동 1632-9(서울 관악구 봉천로 604)
54,봉천4호,서울,관악구,서울 관악구 봉천동 931-12(서울 관악구 봉천로 374)
55,봉천5호,서울,관악구,서울 관악구 봉천3동 7-291(서울 관악구 관악로 274-1)
56,신림1호,서울,관악구,서울 관악구 신림4동 504-22(서울 관악구 남부순환로161가길 42)
57,신림2호,서울,관악구,서울 관악구 신림동 762-7(서울 관악구 문성로 82)
58,신림3호,서울,관악구,서울 관악구 신림9동 246-49(서울 관악구 대학길 47)
59,건대,서울,광진구,서울 광진구 화양동 9-18(서울 광진구 아차산로 31길 13)
60,광장,서울,광진구,서울 광진구 광장동 530-13(서울 광진구 광나루로 607(광장동))
61,구의2호,서울,광진구,서울 광진구 구의동 229-43(서울 광진구 광나루로 544)
62,자양1호,서울,광진구,서울 광진구 자양3동 584-28(서울 광진구 자양번영로 15)
63,자양2호,서울,광진구,서울 광진구 자양동 624-42(서울 광진구 자양로13길 40(자양동))
64,중곡1호,서울,광진구,서울 광진구 중곡동 41-37(서울 광진구 능동로 356)
65,중곡2호,서울,광진구,서울 광진구 중곡동 24-2(서울시 광진구 용마산로 109)
66,개봉1호,서울,구로구,서울 구로구 개봉동 403-159(서울 구로구 개봉로 30-1)
67,고척1호,서울,구로구,서울 구로구 개봉1동 126-4(서울 구로구 고척로 129)
68,구로2호,서울,구로구,서울 구로구 구로동 74-30(서울 구로구 구로중앙로 18길 68)
69,구로디지털,서울,구로구,서울 구로구 구로동 826-1(서울 구로구 디지털로 26길 110)
70,동양미래대학,서울,구로구,"서울 구로구 고척동 343(서울 구로구 중앙로 8길 11, 106호)"
71,신도림1호,서울,구로구,서울 구로구 신도림동 410-1 신도림6차대림@상가 902동111호(서울 구로구 신도림동 410-1 신도림6차대림@상가 902동111호)
72,오류1호,서울,구로구,서울 구로구 오류1동 10-3(서울 구로구 경인로 189-1)
73,천왕역,서울,구로구,서울 구로구 오류동 203-1 1층(서울 구로구 서해안로 2264)
74,가산디지털,서울,금천구,서울 금천구 가산동 371-6 가산비지니스센터 2층(서울 금천구 가산디지털1로 165)
75,독산1호,서울,금천구,"서울 금천구 독산동 888-20 102호,103호(서울 금천구 문성로 7, 102호,103호)"
76,시흥1호,서울,금천구,서울 금천구 시흥2동 264-17(서울 금천구 금하로 753-1)
77,시흥2호,서울,금천구,서울 금천구 시흥1동 905-5(서울 금천구 은행나무로 12)
78,공릉1호,서울,노원구,서울 노원구 공릉동 338-6(서울 노원구 공릉로 35길 2)
79,공릉2호,서울,노원구,서울 노원구 공릉동 461-1(서울 노원구 공릉로 235)
80,상계4단지,서울,노원구,"서울 노원구 상계7동 749-5 상계주공@4단지상가101호(서울 노원구 동일로 1356  101호 (상계동, 상계주공4단지아파트))"
81,상계보람,서울,노원구,서울 노원구 상계5동 456-130(서울 노원구 한글비석로52길 14)
82,석계역,서울,노원구,서울 노원구 월계1동 73-13(서울 노원구 석계로 31)
83,수락산역,서울,노원구,서울 노원구 상계동 1118(서울 노원구 동일로 1651)
84,중계1호,서울,노원구,서울 노원구 중계1동 360-9(서울 노원구 한글비석로 245)
85,중계2호,서울,노원구,서울 노원구 중계동 137-39 정진빌라 1층(서울 노원구 덕릉로 721 정진빌라 1층)
86,중계역,서울,노원구,서울 노원구 중계2동 503(서울 노원구 동일로 1279  (중계동))
87,하계1호,서울,노원구,서울 노원구 하계1동 251 청구상가 201동 101호(서울 노원구 한글비석로 89  101호 (하계동))
88,도봉동,서울,도봉구,서울 도봉구 도봉2동 623-163(서울 도봉구 마들로 689)
89,쌍문1호,서울,도봉구,"서울 도봉구 방학1동 263-75(서울 도봉구 도당로 36, 재인상가 106호)"
90,쌍문역,서울,도봉구,서울 도봉구 쌍문3동 88-127(서울 도봉구 도봉로 505)
91,창3동,서울,도봉구,서울 도봉구 창동 568-2(서울 도봉구 덕릉로 264)
92,창동,서울,도봉구,서울 도봉구 창5동 296-37(서울 도봉구 해등로 120)
93,경희대,서울,동대문구,서울 동대문구 회기동 42-16(서울 동대문구 경희대로3길 20)
94,답십리1호,서울,동대문구,서울 동대문구 답십리동 257-3(서울 동대문구 전농로 65-1)
95,서울시립대,서울,동대문구,서울 동대문구 전농1동 141-141(서울 동대문구 전농로 189)
96,신이문,서울,동대문구,서울 동대문구 이문3동 237-114(서울 동대문구 신이문로 29-1)
97,안암,서울,동대문구,서울 동대문구 제기동 142-8(서울 동대문구 안암로 122)
98,장안1호,서울,동대문구,서울 동대문구 전농3동 1-171(서울 동대문구 한천로 229)
99,장안2호,서울,동대문구,"서울 동대문구 장안동 338-6 1층(서울 동대문구 답십리로72길 60, 1층)"
100,청량리역,서울,동대문구,서울 동대문구 청량리동 50-3(서울 동대문구 왕산로 253)
101,대방1호,서울,동작구,"서울 동작구 대방동 20-25 한스빌 105호(서울특별시 동작구 등용로 101, 한스빌 105호)"
102,사당1호,서울,동작구,"서울 동작구 사당3동 155-2 1F(서울 동작구 사당로23길 2, 1층)"
103,사당3호,서울,동작구,서울 동작구 사당동 220-119(서울 동작구 사당로 185-1)
104,상도터널,서울,동작구,서울 동작구 상도1동 587(서울 동작구 흑석로 5  (상도1동))
105,신대방,서울,동작구,서울 동작구 신대방동 607-28(서울 동작구 시흥대로 646)
106,신대방삼거리,서울,동작구,서울 동작구 대방동 407-46(서울 동작구 여의대방로24길 129)
107,흑석1호,서울,동작구,서울 동작구 흑석동 180-6(서울 동작구 흑석로 116)
108,도화,서울,마포구,"서울 마포구 도화동 179-8 1,2층(서울특별시 마포구 도화길 31, 1,2층)"
109,망원2동,서울,마포구,서울 마포구 망원2동 474-15(서울 마포구 월드컵로 151)
110,상암,서울,마포구,서울 마포구 상암동 34-45(서울 마포구 월드컵북로 48길 14)
111,성산2동,서울,마포구,서울 마포구 성산동 592(서울 마포구 월드컵로 190)
112,신공덕,서울,마포구,"서울 마포구 신공덕동 159(신공덕 래미안상가 1동109호)(서울 마포구 만리재로 74, 1동 109호)"
113,신수,서울,마포구,"서울 마포구 신수동 451번지 세양청마루아파트 상가 101호(서울 마포구 독막로 209(신수동,세양청마루아파트))"
114,아현,서울,마포구,서울 마포구 아현동 774 마포래미안 푸르지오 101동 상가 114호(서울 마포구 마포대로 195 (마포래미안 푸르지오 101동 상가 114호))
115,연남,서울,마포구,서울 마포구 연남동 369-20(서울 마포구 연남로 45)
116,홍대,서울,마포구,서울 마포구 서교동 371-3(서울 마포구 양화로16길 6)
117,독립문,서울,서대문구,서울 서대문구 냉천동 228(서울 서대문구 통일로 153-1  (냉천동))
118,명지대,서울,서대문구,서울 서대문구 남가좌동 344-7(서울 서대문구 거북골로 57-1)
119,북가좌1호,서울,서대문구,서울 서대문구 응암로 11(서울 서대문구 북가좌1동 385-41)
120,북아현1호,서울,서대문구,서울 서대문구 북아현동 1006(서울 서대문구 북아현로 40)
121,신촌,서울,서대문구,서울 서대문구 창천동 41-14(서울 서대문구 명물길 21)
122,연희1호,서울,서대문구,서울 서대문구 연희3동 344-26(서울 서대문구 성산로 381)
123,홍은1호,서울,서대문구,서울 서대문구 홍제동 279-52(서울 서대문구 세검정로 89)
124,홍은사거리,서울,서대문구,서울 서대문구 홍제동 326-20(서울 서대문구 통일로 473)
125,반포1호,서울,서초구,"서울 서초구 반포동 1053 H동 26호(서울 서초구 신반포로 22, H동 26호)"
126,방배1호,서울,서초구,서울 서초구 방배동 761-8(서울 서초구 방배중앙로27길 2)
127,방배2호,서울,서초구,서울 서초구 방배3동 918-4번지(서울 서초구 방배중앙로 14)
128,서초1호,서울,서초구,서울 서초구 서초동 1357-56(서울 서초구 강남대로 43길 22-1 1층)
129,서초2호,서울,서초구,서울 서초구 서초동 1669-15(서울 서초구 서초대로56길 22)
130,서초3호,서울,서초구,서울 서초구 서초동 1579-5(서울 서초구 사임당로 31)
131,양재1호,서울,서초구,서울 서초구 양재동 327-2(서울 서초구 동산로 6)
132,잠원1호,서울,서초구,서울 서초구 잠원동 15-4(서울 서초구 나루터로 69)
133,금호1호,서울,성동구,서울 성동구 금호동1가 1801-3(서울 성동구 금호로 62)
134,성수1호,서울,성동구,서울 성동구 성수동2가 235-1(서울 성동구 동일로 41)
135,성수역,서울,성동구,서울 성동구 성수동2가 289-251(서울 성동구 아차산로 7길 10-1)
136,왕십리1호,서울,성동구,"서울 성동구 하왕십리2동 988-2 1층(서울 성동구 무학봉15길 8, 1층)"
137,왕십리도선,서울,성동구,서울 성동구 홍익동 131-1(서울 성동구 고산자로281 1층)
138,응봉,서울,성동구,"서울 성동구 응봉동 100 상가내 1층(서울 성동구 독서당로62길 43  상가내 1층 (응봉동, 대림아파트))"
139,동덕여대,서울,성북구,서울 성북구 하월곡동 17-1(서울 성북구 화랑로 103)
140,동소문,서울,성북구,"서울 성북구 동소문동 6가 227 1층(서울 성북구 아리랑로 21-1, 1층)"
141,보문역,서울,성북구,서울 성북구 보문동2가 40(서울 성북구 보문로 129-8  (보문동2가))
142,석관장위,서울,성북구,서울 성북구 장위2동 64-129(서울 성북구 돌곶이로 93)
143,정릉1호,서울,성북구,서울 성북구 정릉4동 285-4(서울 성북구 보국문로 68)
144,정릉2호,서울,성북구,서울 성북구 정릉동 175-24(서울 성북구 정릉로31길 32)
145,가락2호,서울,송파구,서울 송파구 가락동 75-7(서울 송파구 양재대로 62길 35 다우빌딩 1층)
146,거여가락1호,서울,송파구,서울 송파구 가락동 180-9(서울 송파구 문정로 143)
147,마천1호,서울,송파구,서울 송파구 거여동 32-6(서울 송파구 오금로 544 1층)
148,문정법조,서울,송파구,서울 송파구 문정동 620 송파푸르지오시티 B09호(서울 송파구 새말로 62(문정동))
149,방이2호,서울,송파구,서울 송파구 방이동 59-1(서울 송파구 오금로 11길 22)
150,방이역,서울,송파구,서울 송파구 오금동 41-23 성암빌딩 1층(서울 송파구 마천로 76 성암빌딩 1층)
151,석촌,서울,송파구,서울 송파구 석촌동 163-1(서울 송파구 백제고분로 39길 29)
152,송파1호,서울,송파구,서울 송파구 송파동 147(서울 송파구 가락로 212)
153,위례송파,서울,송파구,"서울 송파구 장지동 894 위례아이파크 상가1동 103호, 104호(서울 송파구 위례광장로 136 위례아이파크 상가1동 103호, 104호)"
154,잠실1호,서울,송파구,서울 송파구 잠실본동 313-8(서울 송파구 백제고분로 142)
155,잠실2호,서울,송파구,서울 송파구 신천동 11-4(서울 송파구 올림픽로35가길 9)
156,장지,서울,송파구,서울 송파구 문정동 102-1(서울 송파구 새말로 167)
157,풍납1호,서울,송파구,서울 송파구 풍납2동 405번지(서울 송파구 토성로 55)
158,목동1호,서울,양천구,서울 양천구 목동 797-3(서울 양천구 목동중앙서로 24)
159,목동2호,서울,양천구,"서울 양천구 목동 909-8 이화프라자 1층 101호(서울 양천구 목동동로 423, 이화프라자 1층 101호)"
160,목동오거리,서울,양천구,"서울 양천구 목동 940 현대아이파크상가 102(서울 양천구 목동로 230, 목동2차아이파크 상가 102호)"
161,신월2호,서울,양천구,서울 양천구 신월7동 972-6(서울 양천구 지양로 52)
162,신정1호,서울,양천구,서울 양천구 신정1동 1027-2(서울 양천구 신월로 326)
163,신트리,서울,양천구,"서울 양천구 신정동 1267 목동뉴프라자(서울 양천구 신정로 312, 목동뉴프라자)"
164,오목교,서울,양천구,"서울 양천구 신정동 1296 아이파크 상가 1층(서울 양천구 목동동로 180, 아이파크아파트 상가 1층)"
165,화곡1호,서울,양천구,서울 양천구 신월동 23-17(서울 양천구 화곡로 103)
166,당산1호,서울,영등포구,"서울 영등포구 영등포동8가 76-1 삼환@상가 112호(서울 영등포구 영중로 145, 삼환아파트 상가 112호)"
167,대림2호,서울,영등포구,서울 영등포구 대림3동 783-6(서울 영등포구 대림로 235)
168,문래,서울,영등포구,서울 영등포구 문래동3가 77-58(서울 영등포구 선유로 50)
169,신길1호,서울,영등포구,서울 영등포구 신길동 296-14(서울 영등포구 도신로 108)
170,신길2호,서울,영등포구,서울 영등포구 신길7동 674(서울 영등포구 여의대방로 177)
171,여의도,서울,영등포구,서울 영등포구 여의도동 44-31(서울 영등포구 여의대방로 67길 11)
172,영등포1호,서울,영등포구,서울 영등포구 도림동 76-24(서울 영등포구 도신로 145)
173,동부이촌,서울,용산구,서울 용산구 이촌1동 301-153 오성상가 103(서울 용산구 이촌로75길 22  오성상가 103 (이촌동))
174,보광,서울,용산구,서울 용산구 보광동 217-13(서울 용산구 장문로 81)
175,용문,서울,용산구,서울 용산구 용문동 28-26(서울 용산구 새창로 108)
176,후암,서울,용산구,서울 용산구 후암동 244-59(서울 용산구 후암로 28-1)
177,구산역,서울,은평구,서울 은평구 갈현2동 464-14(서울 은평구 연서로 157)
178,대조,서울,은평구,"서울 은평구 대조동 231 삼성타운 A 101호(서울 은평구 서오릉로 94, 삼성아파트 101호)"
179,불광1동,서울,은평구,"서울 은평구 불광동 554-1 라비앙프라자1층 101호(서울 은평구 불광로 60 (불광동,라비앙프라자1층 101호))"
180,신사1동,서울,은평구,서울 은평구 신사동 29-13(서울 은평구 은평로 22)
181,역촌1호,서울,은평구,서울 은평구 역촌동 55-1(서울 은평구 역말로 8)
182,연신내,서울,은평구,서울 은평구 불광동 484-72(서울 은평구 통일로 866-1)
183,은평뉴타운,서울,은평구,서울 은평구 진관동 은평도시개발사업지구 9단지 914동 상가 103호(서울 은평구 진관동 은평도시개발사업지구 9단지 914동 상가 103호)
184,응암1동,서울,은평구,서울 은평구 응암동 236-33(서울 은평구 백련산로 85(응암동))
185,증산,서울,은평구,서울 은평구 증산동 209-18(서울 은평구 증산서길 65)
186,대학로,서울,종로구,서울 종로구 명륜동4가 113-1(서울특별시 종로구 대학로11길 23)
187,숭인,서울,종로구,서울 종로구 숭인2동 183-13(서울 종로구 종로 385)
188,동대문1호,서울,중구,서울 중구 창신동 464-6(서울 종로구 종로 294)
189,신당1호,서울,중구,서울 중구 신당동 846(서울 중구 다산로 42나길 46)
190,망우본동,서울,중랑구,서울 중랑구 망우동 149-7(서울 중랑구 망우로 478-1)
191,면목1호,서울,중랑구,서울 중랑구 면목본동 72-43(서울 중랑구 겸재로 226-2)
192,면목2호,서울,중랑구,서울 중랑구 면목2동 191-126(서울 중랑구 중랑천로 50)
193,면목3호,서울,중랑구,서울 중랑구 면목동 1096-16(서울 중랑구 용마산로 297)
194,묵동,서울,중랑구,서울 중랑구 묵동 238-90(서울 중랑구 동일로 929)
195,상봉1호,서울,중랑구,서울 중랑구 상봉1동 268-34(서울 중랑구 상봉중앙로 34)
196,신내1호,서울,중랑구,"서울 중랑구 신내1동 571-26 1층 상가(서울 중랑구 신내로10길 4, 1층 상가)"
197,가야,부산,부산진구,부산 부산진구 가야동 478(부산 부산진구 엄광로 143)
198,감만,부산,남구,부산 남구 감만1동 158-6(부산 남구 우암로 53)
199,개금1호,부산,부산진구,부산 부산진구 개금동 2-1(부산 부산진구 백양대로 208번길 90)
200,개금2호,부산,부산진구,부산 부산진구 개금1동 201-6(부산 부산진구 가야대로 475)
201,거제법조,부산,연제구,부산 연제구 거제동 986-5(부산 연제구 아시아드대로 62)
202,광안2호,부산,수영구,부산 수영구 광안동 168-3(부산 수영구 수영로 538)
203,괘법,부산,사상구,부산 사상구 괘법동 516-1(부산 사상구 운산로 36)
204,괴정1호,부산,사하구,부산 사하구 괴정동 487-24(부산 사하구 괴정로 288)
205,구서1호,부산,금정구,부산 금정구 구서2동 1024-1(부산 금정구 금강로565번길 25)
206,구포1호,부산,북구,"부산 북구 구포3동 1228-1(부산 북구 시랑로101번길 38, A동 100호)"
207,국제신도시,부산,강서구,부산 강서구 명지동 3412-6(부산 강서구 명지국제8로 246)
208,기장1호,부산,기장군,부산 기장군 기장읍 동부리 150-18(부산 기장군 기장읍 차성로344번길 12)
209,남부민,부산,서구,부산 서구 남부민동 456-13(부산 서구 남부민동 456-13)
210,남산1호,부산,금정구,부산 금정구 남산동 99-6(부산 금정구 금강로 678-1)
211,다대1호,부산,사하구,부산 사하구 다대2동 85-5(부산 사하구 다송로 4)
212,다대2호,부산,사하구,부산 사하구 다대동 1014(부산 사하구 윤공단로75번길 43 102호)
213,당감,부산,부산진구,부산 부산진구 당감동 367-2(부산 부산진구 동평로 46)
214,당리괴정2호,부산,사하구,부산 사하구 괴정동 577-42(부산 사하구 낙동대로 310)
215,대교남항,부산,영도구,부산 영도구 남항동 2가 40(부산 영도구 남항로 6-1)
216,대신,부산,서구,부산 서구 대영로 30(부산 서구 서대신동1가 163-1)
217,국제신도시,부산,강서구,부산 강서구 명지동 3412-6(부산 강서구 명지국제8로 246)
218,명지신도시,부산,강서구,부산 강서구 명지동 3256-5(부산 강서구 명지오션시티8로30번길 26)
219,신호,부산,강서구,부산 강서구 신호동 317-15(부산 강서구 신호산단1로 76)
220,지사,부산,강서구,부산 강서구 지사동 1191-5(부산 강서구 과학산단로 334번길 8)
221,구서1호,부산,금정구,부산 금정구 구서2동 1024-1(부산 금정구 금강로565번길 25)
222,남산1호,부산,금정구,부산 금정구 남산동 99-6(부산 금정구 금강로 678-1)
223,부곡1호,부산,금정구,부산 금정구 부곡동 23-15(부산 금정구 무학송로 127)
224,부곡2호,부산,금정구,부산 금정구 부곡1동 324-20(부산 금정구 부곡로 92)
225,부산대,부산,금정구,부산 금정구 금강로 장전동 418-13(부산 금정구 금강로 270)
226,서동1호,부산,금정구,부산 금정구 서동 210-6(부산 금정구 서동로 182)
227,장전1호,부산,금정구,부산 금정구 장전동 134-19(부산 금정구 금강로 335번길 48)
228,기장1호,부산,기장군,부산 기장군 기장읍 동부리 150-18(부산 기장군 기장읍 차성로344번길 12)
229,정관1호,부산,기장군,부산 기장군 정관면 매학리(부산 기장군 정관면 구연3로 5 신세계프라자 102호)
230,정관2호,부산,기장군,부산 기장군 모전리 747-7(부산 기장군 정관읍 모전3길 2)
231,감만,부산,남구,부산 남구 감만1동 158-6(부산 남구 우암로 53)
232,대연1호,부산,남구,부산 남구 대연동 1013-8(부산 남구 유엔로 126-1)
233,대연2호,부산,남구,부산 남구 대연동 52-7(부산 남구 용소로 13번길 26)
234,메트로시티1호,부산,남구,부산 남구 용호동 176-30(부산 남구 분포로 113)
235,못골,부산,남구,부산 남구 대연동 1543-33(부산 남구 진남로 78)
236,문현2호,부산,남구,부산 남구 문현1동 127-56(부산 남구 고동골로 68)
237,용호1호,부산,남구,부산 남구 용호3동 495-46 1층(부산 남구 용호로 185)
238,범일1호,부산,동구,부산 동구 범일2동 833-2(부산 동구 조방로49번길 10)
239,수정1호,부산,동구,부산 동구 수정동 295-3(부산 동구 고관로 103)
240,초량,부산,동구,부산 동구 초량2동 489-4(부산 동구 중앙대로209번길 6)
241,명륜,부산,동래구,부산 동래구 명륜1동 673-9(부산 동래구 명륜로 177)
242,명장1호,부산,동래구,"부산 동래구 명장동 26-24번지 국제아파트 상가 106호(부산 동래구 충렬사로 81, 국제파크 상가 106호)"
243,복천,부산,동래구,부산 동래구 복천동 476-1(부산 동래구 동래로 128)
244,사직1호,부산,동래구,부산 동래구 사직동 137-5번지(부산 동래구 미남로 70)
245,사직2호,부산,동래구,부산 동래구 사직동 89-16(부산 동래구 사직로 60)
246,안락2호,부산,동래구,부산 동래구 안락동 670-13(부산 동래구 안남로 77)
247,온천1호,부산,동래구,부산 동래구 온천동 210-5번지(부산 동래구 금강공원로 30-1)
248,온천2호,부산,동래구,"부산 동래구 온천3동 1448-1 명보아파트 상가 가동 101호(부산 동래구 충렬대로86번길 62, 가동 101호)"
249,우방신세계,부산,동래구,부산 동래구 안락동 471-41(부산 동래구 명장로 137-1)
250,가야,부산,부산진구,부산 부산진구 가야동 478(부산 부산진구 엄광로 143)
251,개금1호,부산,부산진구,부산 부산진구 개금동 2-1(부산 부산진구 백양대로 208번길 90)
252,개금2호,부산,부산진구,부산 부산진구 개금1동 201-6(부산 부산진구 가야대로 475)
253,당감,부산,부산진구,부산 부산진구 당감동 367-2(부산 부산진구 동평로 46)
254,범천,부산,부산진구,부산 부산진구 범천동 1278-11(부산 부산진구 신암로 55-1)
255,서면,부산,부산진구,부산 부산진구 부전동 266-24(부산 부산진구 중앙대로 745-1)
256,양정,부산,부산진구,부산 부산진구 양정동 310-6(부산 부산진구 연수로 13-1)
257,연지,부산,부산진구,부산 부산진구 동평로 299(부산 부산진구 연지동 40-12)
258,초읍대공원,부산,부산진구,부산 부산진구 초읍동 288-6(부산 부산진구 새싹로 274-1)
259,구포1호,부산,북구,"부산 북구 구포3동 1228-1(부산 북구 시랑로101번길 38, A동 100호)"
260,덕천2호,부산,북구,부산 북구 덕천3동 781-2(부산 북구 덕천로 135)
261,만덕2호,부산,북구,부산 북구 만덕3동 915-6(부산 북구 만덕3로 44-1)
262,화명1호,부산,북구,"부산 북구 화명동 1417-15호 좌측(부산 북구 산성로12번길 72, 좌측)"
263,화명3호,부산,북구,"부산 북구 화명동 182-5(2층)(부산 북구 금곡대로 414, 2층)"
264,화명신도시,부산,북구,부산 북구 화명동 2266-1(부산 북구 금곡대로 303번길 94)
265,괘법,부산,사상구,부산 사상구 괘법동 516-1(부산 사상구 운산로 36)
266,덕포,부산,사상구,부산 사상구 덕포동 420-4(부산 사상구 사상로 304)
267,동서대,부산,사상구,부산 사상구 주례동 55-176(부산 사상구 냉정로 125)
268,모라,부산,사상구,부산 사상구 모라동 1349-(부산 사상구 백양대로 937)
269,신주례,부산,사상구,부산 사상구 주례2동 3-17(부산 사상구 백양대로 328)
270,엄궁,부산,사상구,부산 사상구 엄궁동 40-94(부산 사상구 엄궁북로 39)
271,학장,부산,사상구,부산 사상구 학장동 579-9(부산 사상구 대동로 117)
272,괴정1호,부산,사하구,부산 사하구 괴정동 487-24(부산 사하구 괴정로 288)
273,다대1호,부산,사하구,부산 사하구 다대2동 85-5(부산 사하구 다송로 4)
274,다대2호,부산,사하구,부산 사하구 다대동 1014(부산 사하구 윤공단로75번길 43 102호)
275,당리괴정2호,부산,사하구,부산 사하구 괴정동 577-42(부산 사하구 낙동대로 310)
276,신평1호,부산,사하구,부산 사하구 신평동 71-15(부산 사하구 다대로 141-1)
277,장림,부산,사하구,부산 사하구 장림동 590(부산 사하구 장평로 111)
278,하단1호,부산,사하구,부산 사하구 하단2동 506-15(부산 사하구 낙동대로 512)
279,하단2호,부산,사하구,부산 사하구 하단동 602-7(부산 사하구 동매로 30-1)
280,국제신도시,부산,강서구,부산 강서구 명지동 3412-6(부산 강서구 명지국제8로 246)
281,남부민,부산,서구,부산 서구 남부민동 456-13(부산 서구 남부민동 456-13)
282,대신,부산,서구,부산 서구 대영로 30(부산 서구 서대신동1가 163-1)
283,명지신도시,부산,강서구,부산 강서구 명지동 3256-5(부산 강서구 명지오션시티8로30번길 26)
284,송도감천,부산,서구,"부산 서구 암남동 64-2 104호(부산 서구 감천로 271, 104호)"
285,신호,부산,강서구,부산 강서구 신호동 317-15(부산 강서구 신호산단1로 76)
286,아미부민,부산,서구,부산 서구 부민동1가 11-3(부산 서구 보수대로 99)
287,지사,부산,강서구,부산 강서구 지사동 1191-5(부산 강서구 과학산단로 334번길 8)
288,광안2호,부산,수영구,부산 수영구 광안동 168-3(부산 수영구 수영로 538)
289,망미1호,부산,수영구,부산 수영구 망미동 431-11(부산 수영구 과정로 44-11)
290,민락,부산,수영구,부산 수영구 민락동 165-15(부산 수영구 광남로 196-1)
291,수영,부산,수영구,부산 수영구 수영동 503-23(부산 수영구 수영로 735)
292,거제법조,부산,연제구,부산 연제구 거제동 986-5(부산 연제구 아시아드대로 62)
293,시청,부산,연제구,부산 연제구 거제3동 34-19(부산 연제구 거제천로 147)
294,연산2호,부산,연제구,부산 연제구 연산4동 578-1 삼익아파트 상가 101호(부산 연제구 중앙대로 1164 삼익아파트 상가 101호)
295,연산3호,부산,연제구,부산 연제구 연산동 2133-48(부산 연제구 연수로 199 1층)
296,대교남항,부산,영도구,부산 영도구 남항동 2가 40(부산 영도구 남항로 6-1)
297,동삼,부산,영도구,부산 영도구 동삼1동 331-9(부산 영도구 동삼로 39-4)
298,봉래영선,부산,영도구,"부산 영도구 영선동1가 69-2, 69-3(부산 영도구 한결길 12)"
299,청학,부산,영도구,부산 영도구  청학동 13-14(부산 영도구 태종로 352)
300,영주대청,부산,중구,부산 중구 대청동4가 82-13(부산 중구 중구로 70-1)
301,반송,부산,해운대구,부산 해운대구 반송2동 216-150(부산 해운대구 윗반송로 51)
302,반여1호,부산,해운대구,부산 해운대구 반여동 1628-5(부산 해운대구 반여로 108)
303,송정,부산,해운대구,부산 해운대구 송정동 227-7(부산 해운대구 송정중앙로 34)
304,우동1호,부산,해운대구,부산 해운대구 우동 1090-13(부산 해운대구 해운대로 381-3)
305,재송1호,부산,해운대구,부산 해운대구 재송2동 1149-13(부산 해운대구 재반로 166)
306,재송2호,부산,해운대구,부산 해운대구 재송동 1083-1(부산 해운대구 재송1로31번길 55)
307,좌동1호,부산,해운대구,부산 해운대구 좌동 970(부산 해운대구 세실로 104)
308,좌동3호,부산,해운대구,부산 해운대구 좌동 1450  주공3단지 상가 205(부산 해운대구 청사포로 12)
309,해운대역,부산,해운대구,부산 해운대구 우동 639-4(부산 해운대구 해운대로 604)
310,감삼성당,대구,달서구,대구 달서구 감삼동 317-3(대구 달서구 장기로 186)
311,계명,대구시,남구,대구시 남구 양지로 107(대구 남구 양지로 107(대명동))
312,관음,대구,북구,대구 북구 관음동 1383-9(대구 북구 칠곡중앙대로 487)
313,구암,대구,북구,대구 북구 태전동 1074-6(대구 북구 태암남로 10)
314,금호지구,대구,북구,대구 북구 사수동 912(대구 북구 한강로 60-1)
315,남산대신,대구,중구,대구 중구 남산3동 2466-14(대구 중구 남산로 49)
316,내당,대구,서구,대구 서구 내당동 219-7(대구 서구 달구벌대로 1795-1)
317,논공,대구,달성군,대구 달성군 논공읍 북리 803-128(대구 달성군 논공읍 논공로5길 150)
318,다사,대구,달성군,대구 달성군 다사읍 죽곡리 809-1(대구 달성군 다사읍 대실역남로 10)
319,달성비산,대구,서구,"대구 서구 비산 2,3동 3-50(대구 서구 북비산로 388)"
320,대곡,대구,달서구,"대구 달서구 도원동 1442-2 1층 107호(대구 달서구 도원로 42, 1층 107호)"
321,대구혁신,대구,동구,대구 동구 각산동 1098-5 102호(대구 동구 이노밸리로46길 2 102호)
322,대명1호,대구,남구,대구 남구 대명동 1098-4(대구 남구 대명로 60-1)
323,동구청,대구,동구,대구 동구 효목1동 962-3(대구 동구 아양로 204)
324,동서변,대구,북구,대구 북구 동변동 669-4(대구 북구 동변로 91)
325,동천3지구,대구,북구,대구 북구 동천동 906-3(대구 북구 동천로 125-9)
326,동호,대구,동구,대구 동구 동호동 384-7(대구 동구 동호로 64(동호동))
327,만촌1호,대구,수성구,대구 수성구 만촌동 849-2(대구 수성구 달구벌대로 2614)
328,만촌2호,대구,수성구,대구 수성구 만촌1동 1330-12(대구 수성수 만촌로 158-1)
329,명곡,대구,달성군,대구 달성군 화원읍 명곡리 320-1(대구 달성군 화원읍 명천로 240)
330,계명,대구시,남구,대구시 남구 양지로 107(대구 남구 양지로 107(대명동))
331,대명1호,대구,남구,대구 남구 대명동 1098-4(대구 남구 대명로 60-1)
332,봉덕,대구,남구,대구 남구 봉덕동 687-32(대구 남구 중앙대로 22길 119-2)
333,앞산,대구,남구,대구 남구 대명9동 332-16(대구 남구 대명로 230)
334,이천대봉,대구,남구,대구 남구 이천동 184-9(대구 남구 대봉로38길 18)
335,감삼성당,대구,달서구,대구 달서구 감삼동 317-3(대구 달서구 장기로 186)
336,대곡,대구,달서구,"대구 달서구 도원동 1442-2 1층 107호(대구 달서구 도원로 42, 1층 107호)"
337,상인,대구,달서구,대구 달서구 상인동 1555-1(대구 달서구 상화북로 180)
338,성서,대구,달서구,대구 달서구 신당동 1763-2(대구 달서구 성서서로 357)
339,송현,대구,달서구,대구 달서구 송현1동 207-2(대구 달서구 월배로 430)
340,신월성,대구,달서구,"대구 달서구 월성동 1264번지 트럼프스타 B/D 106호(대구 달서구 조암남로 42, 트럼프스타빌딩 106호)"
341,용산,대구,달서구,대구 달서구 용산1동 954-6(대구 달서구 용산로 194)
342,용산새방,대구,달서구,대구 달서구 용산동 499-2(대구 달서구 선원로 264)
343,장기,대구,달서구,대구 달서구 장기동 566-4(대구 달서구 용산로 52)
344,진천,대구,달서구,"대구 달서구 진천동 508(대구 달서구 월배로 80(진천동,진천역대성스카이렉스아파트))"
345,논공,대구,달성군,대구 달성군 논공읍 북리 803-128(대구 달성군 논공읍 논공로5길 150)
346,다사,대구,달성군,대구 달성군 다사읍 죽곡리 809-1(대구 달성군 다사읍 대실역남로 10)
347,명곡,대구,달성군,대구 달성군 화원읍 명곡리 320-1(대구 달성군 화원읍 명천로 240)
348,서재세천,대구,달성군,대구 달성군 다사읍 서재리 423-15(대구 달성군 다사읍 서재로20길 1)
349,테크노폴리스,대구,달성군,대구 달성군 유가면 봉리 606 하이젠스타 115호(대구 달성군 유가면 테크노중앙대로 254 하이젠스타 115호)
350,화원,대구,달성군,대구 달성군 화원읍 천내리 54-1(대구 달성군 화원읍 비슬로 2635)
351,대구혁신,대구,동구,대구 동구 각산동 1098-5 102호(대구 동구 이노밸리로46길 2 102호)
352,동구청,대구,동구,대구 동구 효목1동 962-3(대구 동구 아양로 204)
353,동호,대구,동구,대구 동구 동호동 384-7(대구 동구 동호로 64(동호동))
354,방촌,대구,동구,대구 동구 방촌동 1118-121(대구 동구 화랑로 415)
355,신암대현,대구,동구,대구 동구 신암동 806-3(대구 동구 신암로 127)
356,신천1호,대구,동구,대구 동구 신천동 501-5(대구 동구 송라로 87)
357,신천2호,대구,동구,대구 동구 신청동 377-12(대구 동구 동부로 30길 27)
358,율하,대구,동구,대구 동구 율하동 1311번지 102호(대구 동부 율하서로 78 102호)
359,지묘봉무,대구,동구,대구 동구 지묘동 808-3(대구 동구 파계로 95(지묘동))
360,지저불로,대구,동구,대구 동구 지저동 833-15(대구 동구 해동로 63)
361,관음,대구,북구,대구 북구 관음동 1383-9(대구 북구 칠곡중앙대로 487)
362,구암,대구,북구,대구 북구 태전동 1074-6(대구 북구 태암남로 10)
363,금호지구,대구,북구,대구 북구 사수동 912(대구 북구 한강로 60-1)
364,동서변,대구,북구,대구 북구 동변동 669-4(대구 북구 동변로 91)
365,동천3지구,대구,북구,대구 북구 동천동 906-3(대구 북구 동천로 125-9)
366,복현1호,대구,북구,대구 북구 복현동 460-6(대구 북구 동북로 282)
367,복현2호,대구,북구,"대구 북구 복현동 539 -110 복현서한타운 상가 103호(대구 북구 검단로 50, 서한1차아파트 상가 103호)"
368,산격,대구,북구,대구 북구 산격동 1400-20(대구 북구 대학로 69)
369,원대,대구,북구,대구 북구 노원동3가 892-1(대구 북구 팔달로 27길 81 1층)
370,침산,대구,북구,대구 북구 침산동 457-31(대구 북구 성북로 1)
371,태전,대구,북구,대구 북구 태전동 254-30(대구 북구 태전로 53)
372,팔달매천,대구,북구,대구 북구 매천동 682(대구 북구 매전로 2-1)
373,감삼성당,대구,달서구,대구 달서구 감삼동 317-3(대구 달서구 장기로 186)
374,내당,대구,서구,대구 서구 내당동 219-7(대구 서구 달구벌대로 1795-1)
375,달성비산,대구,서구,"대구 서구 비산 2,3동 3-50(대구 서구 북비산로 388)"
376,대곡,대구,달서구,"대구 달서구 도원동 1442-2 1층 107호(대구 달서구 도원로 42, 1층 107호)"
377,상인,대구,달서구,대구 달서구 상인동 1555-1(대구 달서구 상화북로 180)
378,성서,대구,달서구,대구 달서구 신당동 1763-2(대구 달서구 성서서로 357)
379,송현,대구,달서구,대구 달서구 송현1동 207-2(대구 달서구 월배로 430)
380,신월성,대구,달서구,"대구 달서구 월성동 1264번지 트럼프스타 B/D 106호(대구 달서구 조암남로 42, 트럼프스타빌딩 106호)"
381,용산,대구,달서구,대구 달서구 용산1동 954-6(대구 달서구 용산로 194)
382,용산새방,대구,달서구,대구 달서구 용산동 499-2(대구 달서구 선원로 264)
383,장기,대구,달서구,대구 달서구 장기동 566-4(대구 달서구 용산로 52)
384,진천,대구,달서구,"대구 달서구 진천동 508(대구 달서구 월배로 80(진천동,진천역대성스카이렉스아파트))"
385,평리,대구,서구,대구 서구 평리동 1093-11(대구 서구 국채보상로 266)
386,만촌1호,대구,수성구,대구 수성구 만촌동 849-2(대구 수성구 달구벌대로 2614)
387,만촌2호,대구,수성구,대구 수성구 만촌1동 1330-12(대구 수성수 만촌로 158-1)
388,범물,대구,수성구,"대구 수성구 범물동 1374-4(대구 수성구 범안로 58, 1층)"
389,범어1호,대구,수성구,대구 수성구 범어동 203-18(대구 수성구 달구벌대로 496길17)
390,수성,대구,수성구,대구 수성구 수성동4가 1022-11(대구 수성구 들안로 341)
391,시지1호,대구,수성구,대구 수성구 매호동 1328-12(대구광역시 수성구 천을로 157-1)
392,시지2호,대구,수성구,"대구 수성구 시지동 498번지 시지노변아파트 상가 2동 108호(대구 수성구 시지로 55, 2동 108호 상가)"
393,중동,대구,수성구,대구 수성구 중동 97-5(대구 수성구 수성로 226)
394,지산,대구,수성구,"대구 수성구 지산동 1234, 113동 4호(대구 수성구 용학로 189, 113동 4호)"
395,파동,대구,수성구,대구 수성구 상동 380-2(대구 수성구 수성로 72)
396,황금,대구,수성구,대구 수성구 두산동 133-1(대구 수성구 상화로 124)
397,남산대신,대구,중구,대구 중구 남산3동 2466-14(대구 중구 남산로 49)
398,중앙,대구,중구,대구 중구 남일동 33-9(대구 중구 중앙대로 417-2)
399,가좌,인천,서구,인천 서구 가좌동 30-78(인천 서구 원적로 100번길 18)
400,간석1호,인천,남동구,인천 남동구 구월동 70-80(인천 남동구 용천로97번길 3)
401,강화,인천,강화군,인천 강화군 강화읍 갑곳리 199-1(인천 강화군 강화읍 강화대로 342)
402,검단1호,인천,서구,"인천 서구 검단로 왕길동 637-1(인천 서구 검단로 459번길 7-3 (106,107호))"
403,검암,인천,서구,"인천 서구 검암동 626-2번지 태건프라자 105호(인천 서구 승학로 452, 태건프라자 105호)"
404,계산1호,인천,계양구,인천 계양구 계산동 1081-10(인천 계양구 오조산로 57번길 15)
405,계산2호,인천,계양구,"인천 계양구 계산3동 61-2(인천 계양구 계산새로 25, 성일빌딩 1층 1호)"
406,공항신도시,인천,중구,"인천 중구 운서동 2797-4 대원프라자(인천 중구 신도시남로141번길 2, 대원프라자)"
407,관교,인천,남구,인천 남구 관교동 321-5(인천 남구 인하로 404-2)
408,구월,인천,남동구,인천 남동구 구월동 1133-13(인천 남동구 미래로 39 더클래스)
409,논현1호,인천,남동구,인천 남동구 논현동 620-8(인천 남동구 논고개로 123번길 42)
410,논현에코메트로,인천,남동구,"인천 남동구 논현동 752-1(인천 남동구 소래역 남로22 (103호, 104호))"
411,당하,인천,서구,인천 서구 마전동 585(인천 서구 마전동 완정로 18번지 102호)
412,동춘,인천,연수구,인천 연수구 동춘동 934-1(인천 연수구 앵고개로 264번길 10-11 1층)
413,만수1호,인천,남동구,인천 남동구 만수동 1045 103호(인천 남동구 담방로21번길 23)
414,만수2호,인천,남동구,인천 남동구 만수2동 5-440(인천 남동구 만수로 85)
415,만수3호,인천,남동구,인천 남동구 간석3동 921-14(인천 남동구 백범로 258)
416,부개1동,인천,부평구,인천 부평구 부개동 265-3(인천 부평구 경인로 1066)
417,부개3동,인천,부평구,인천 부평구 부개동 12-127(인천 부평구 길주남로 127)
418,부평1호,인천,부평구,인천 부평구 부평동 451-30(인천 부평구 부평대로 115)
419,강화,인천,강화군,인천 강화군 강화읍 갑곳리 199-1(인천 강화군 강화읍 강화대로 342)
420,계산1호,인천,계양구,인천 계양구 계산동 1081-10(인천 계양구 오조산로 57번길 15)
421,계산2호,인천,계양구,"인천 계양구 계산3동 61-2(인천 계양구 계산새로 25, 성일빌딩 1층 1호)"
422,임학박촌,인천,계양구,인천 계양구 박촌동 52-3(인천 계양구 장제로 1013)
423,작전1호,인천,계양구,인천 계양구 작전동 149-1(인천 계양구 장제로 672)
424,효성1호,인천,계양구,"인천 계양구 효성1동 21-11 현대아파트 상가동 101호, 102호, 103호(인천 계양구 길마로 70 현대아파트 상가동 101호, 102호, 103호)"
425,효성2호,인천,계양구,인천 계양구 효성2동 273-3(인천 계양구 안남로 486-2)
426,관교,인천,남구,인천 남구 관교동 321-5(인천 남구 인하로 404-2)
427,용현2동,인천,남구,인천 남구 용현동 558-32(인천 남구 낙섬중로 96 1층)
428,용현5동,인천,남구,인천 남구 용현동 630-45(인천 남구 토금남로 12(용현동))
429,주안1호,인천,남구,인천 남구 주안동 1523-2(인천 남구 인하로 346)
430,주안3호,인천,남구,인천 남구 주안동 929-11(인천 남구 경원대로 898)
431,학익1호,인천,남구,인천 남구 학익동 293-37(인천 남구 한나루로 420)
432,간석1호,인천,남동구,인천 남동구 구월동 70-80(인천 남동구 용천로97번길 3)
433,구월,인천,남동구,인천 남동구 구월동 1133-13(인천 남동구 미래로 39 더클래스)
434,논현1호,인천,남동구,인천 남동구 논현동 620-8(인천 남동구 논고개로 123번길 42)
435,논현에코메트로,인천,남동구,"인천 남동구 논현동 752-1(인천 남동구 소래역 남로22 (103호, 104호))"
436,만수1호,인천,남동구,인천 남동구 만수동 1045 103호(인천 남동구 담방로21번길 23)
437,만수2호,인천,남동구,인천 남동구 만수2동 5-440(인천 남동구 만수로 85)
438,만수3호,인천,남동구,인천 남동구 간석3동 921-14(인천 남동구 백범로 258)
439,서창,인천,남동구,인천 남동구 서창동 706(인천 남동구 서창 남순환로 216번길 35)
440,간석1호,인천,남동구,인천 남동구 구월동 70-80(인천 남동구 용천로97번길 3)
441,구월,인천,남동구,인천 남동구 구월동 1133-13(인천 남동구 미래로 39 더클래스)
442,논현1호,인천,남동구,인천 남동구 논현동 620-8(인천 남동구 논고개로 123번길 42)
443,논현에코메트로,인천,남동구,"인천 남동구 논현동 752-1(인천 남동구 소래역 남로22 (103호, 104호))"
444,만수1호,인천,남동구,인천 남동구 만수동 1045 103호(인천 남동구 담방로21번길 23)
445,만수2호,인천,남동구,인천 남동구 만수2동 5-440(인천 남동구 만수로 85)
446,만수3호,인천,남동구,인천 남동구 간석3동 921-14(인천 남동구 백범로 258)
447,서창,인천,남동구,인천 남동구 서창동 706(인천 남동구 서창 남순환로 216번길 35)
448,송현,인천,동구,인천 동구 송림동 234-1(인천 동구 송림로 17)
449,부개1동,인천,부평구,인천 부평구 부개동 265-3(인천 부평구 경인로 1066)
450,부개3동,인천,부평구,인천 부평구 부개동 12-127(인천 부평구 길주남로 127)
451,부평1호,인천,부평구,인천 부평구 부평동 451-30(인천 부평구 부평대로 115)
452,부평2호,인천,부평구,인천 부평구 부평동 889-8(인천 부평구 길주남로 31)
453,산곡1호,인천,부평구,인천 부평구 산곡동 369-270(인천 부평구 마장로 153)
454,산곡2호,인천,부평구,인천 부평구 산곡동 119-54()
455,산곡3호,인천,부평구,인천 부평구 산곡2동 251-1(인천 부평구 마장로 250)
456,삼산,인천,부평구,인천 부평구 삼산동 433-1(인천 부평구 충선로 311번길 25-23)
457,십정1호,인천,부평구,인천 부평구 십정2동 488-41(인천 부평구 동암남로 25)
458,가좌,인천,서구,인천 서구 가좌동 30-78(인천 서구 원적로 100번길 18)
459,검단1호,인천,서구,"인천 서구 검단로 왕길동 637-1(인천 서구 검단로 459번길 7-3 (106,107호))"
460,검암,인천,서구,"인천 서구 검암동 626-2번지 태건프라자 105호(인천 서구 승학로 452, 태건프라자 105호)"
461,당하,인천,서구,인천 서구 마전동 585(인천 서구 마전동 완정로 18번지 102호)
462,불로원당,인천,서구,인천 서구 당하동 1033-3 조이빌 103(인천 서구 원당대로 882 조이빌 103호)
463,석남가정,인천,서구,인천 서구 가정동 505-4(인천 서구 원창로 215)
464,연희1호,인천,서구,인천 서구 심곡동 257-15(인천 서구 심곡로 34)
465,청라,인천,서구,인천 서구 연희동 799-8 우리프라자 1층(인천 서구 연희동 중봉대로612번길 10-20)
466,동춘,인천,연수구,인천 연수구 동춘동 934-1(인천 연수구 앵고개로 264번길 10-11 1층)
467,선학연수3호,인천,연수구,인천 연수구 선학동 406-2(인천 연수구 학나래로 118번길 29)
468,송도1호,인천,연수구,"인천 연수구 송도동 21-59  302동 102호(인천 연수구 컨벤시아대로 70, 302동 102호)"
469,송도드림시티,인천,연수구,"인천 연수구 송도동 3-2(인천 연수구 컨벤시아대로 81 드림씨티(122,123호))"
470,연수중앙,인천,연수구,인천 연수구 연수동 626(인천 연수구 샘말로44번길 2)
471,옥련,인천,연수구,인천 연수구 옥련동 194-4(인천 연수구 독배로 35)
472,계림,광주,동구,광주 동구 장동 16-4(광주 동구 중앙로 234)
473,금호,광주,서구,광주 서구 쌍촌동 881번지(광주 서구 화정로 1)
474,노대효천,광주,남구,광주 남구 노대동 814(광주 남구 효덕로 192)
475,동천,광주,서구,광주 서구 동천동 527(광주 서구 동천로18번길 16)
476,두암1호,광주,북구,광주 북구 두암2동 826-50(광주 북구 군왕로 154)
477,마재,광주,서구,"광주 서구 금호동 813 대주파크빌상가 124동 114호, 115호(광주 서구 화개1로24번길 9 대주파크빌상가 124동 114호, 115호)"
478,문흥1호,광주,북구,광주 북구 문흥동 980-15(광주 북구 문산로 86-1)
479,백운,광주,남구,광주 남구 서동 71-15(광주 남구 중앙로 66)
480,봉선1호,광주,남구,광주 남구 주월1동 1253-4(광주 남구 봉선중앙로 135-1)
481,봉선2호,광주,남구,광주 남구 봉선2동 475(광주 남구 봉선2로 31)
482,상무1호,광주,서구,광주 서구 치평동 1181-2번지 107호(광주 서구 상무중앙로 57)
483,소촌우산,광주,광산구,광주 광산구 소촌동 244-6(광주 광산구 소촌로 152번길 30)
484,송정1호,광주,광산구,광주 광산구 도산동 1143(광주 광산구 도산로 10)
485,수완1호,광주,광산구,"광주 광산구 장덕동 1479번지 1층(광주 광산구 장신로19번안길 29-2, 1층)"
486,수완2호,광주,광산구,"광주 광산구 수완동 1128번지  102호(광주 광산구 수완로 73번길 3, 102호)"
487,신창,광주,광산구,광주 광산구 신창동 1236-1(광주 광산구 신창로 104 105호)
488,쌍촌1호,광주,서구,광주 서구 쌍촌동 147(광주 서구 내방로 231)
489,양산1호,광주,북구,"광주 북구 양산동 877-1 1층(광주 북구 양산로 48, 1층)"
490,오치,광주,북구,광주 북구 오치동 785-4(광주 북구 설죽로 306)
491,운남1호,광주,광산구,광주 광산구 월곡2동 683-1(광주 광산구 풍영로 47)
492,소촌우산,광주,광산구,광주 광산구 소촌동 244-6(광주 광산구 소촌로 152번길 30)
493,송정1호,광주,광산구,광주 광산구 도산동 1143(광주 광산구 도산로 10)
494,수완1호,광주,광산구,"광주 광산구 장덕동 1479번지 1층(광주 광산구 장신로19번안길 29-2, 1층)"
495,수완2호,광주,광산구,"광주 광산구 수완동 1128번지  102호(광주 광산구 수완로 73번길 3, 102호)"
496,신창,광주,광산구,광주 광산구 신창동 1236-1(광주 광산구 신창로 104 105호)
497,운남1호,광주,광산구,광주 광산구 월곡2동 683-1(광주 광산구 풍영로 47)
498,첨단1호,광주,광산구,광주 광산구 산월동 첨단과학산업단지 884-2 호반상가 2동 103호(광주 광산구 산월동 첨단과학산업단지 884-2 호반상가 2동 103호)
499,첨단2호,광주,광산구,광주 광산구 쌍암동 655-4번지(광주 광산구 첨단중앙로170번길 12)
500,하남1호,광주,광산구,광주 광산구 산정동 977-13(광주 광산구 월곡산정로 13-1)
501,노대효천,광주,남구,광주 남구 노대동 814(광주 남구 효덕로 192)
502,백운,광주,남구,광주 남구 서동 71-15(광주 남구 중앙로 66)
503,봉선1호,광주,남구,광주 남구 주월1동 1253-4(광주 남구 봉선중앙로 135-1)
504,봉선2호,광주,남구,광주 남구 봉선2동 475(광주 남구 봉선2로 31)
505,주월,광주,남구,광주 남구 월산동 1034-17(광주 남구 군분로 58)
506,진월,광주,남구,"광주 남구 진월동 870번지 한국아델리움 2차상가 230동 102호(광주 남구 서문대로627번길 9, 230동 102호 상가)"
507,계림,광주,동구,광주 동구 장동 16-4(광주 동구 중앙로 234)
508,조선대,광주,동구,광주 동구 지산동 500번지(광주 동구 지산로 21 (지산동))
509,학동,광주,동구,광주 동구 학동 735-16(광주 동구 의재로 22)
510,두암1호,광주,북구,광주 북구 두암2동 826-50(광주 북구 군왕로 154)
511,문흥1호,광주,북구,광주 북구 문흥동 980-15(광주 북구 문산로 86-1)
512,양산1호,광주,북구,"광주 북구 양산동 877-1 1층(광주 북구 양산로 48, 1층)"
513,오치,광주,북구,광주 북구 오치동 785-4(광주 북구 설죽로 306)
514,운암1호,광주,북구,광주 북구 운암3동 1051-5(광주 북구 북문대로 158)
515,운암2호,광주,북구,광주 북구 운암동 492-39(광주 북구 비엔날레로 26(운암동))
516,일곡1호,광주,북구,광주 북구 일곡동 828-4(광주 북구 송해로 73)
517,전남대,광주,북구,광주 북구 용봉동161-15번지(광주 북구 우치로90번길 28)
518,첨단신용,광주,북구,광주 북구 신용동 693(광주 북구 첨단 연신로 91번길 38 107호)
519,금호,광주,서구,광주 서구 쌍촌동 881번지(광주 서구 화정로 1)
520,동천,광주,서구,광주 서구 동천동 527(광주 서구 동천로18번길 16)
521,마재,광주,서구,"광주 서구 금호동 813 대주파크빌상가 124동 114호, 115호(광주 서구 화개1로24번길 9 대주파크빌상가 124동 114호, 115호)"
522,상무1호,광주,서구,광주 서구 치평동 1181-2번지 107호(광주 서구 상무중앙로 57)
523,쌍촌1호,광주,서구,광주 서구 쌍촌동 147(광주 서구 내방로 231)
524,풍암1호,광주,서구,광주 서구 풍암동 1048번지 호반 APT상가 104호(광주 서구 풍암순환로 20)
525,화정1호,광주,서구,광주 서구 화정동 824-16(광주 서구 월드컵4강로 70)
526,화정2호,광주,서구,"광주 서구 농성동 666-1 1층 113,114호(광주 서구 화정로 259 1층 113,114호)"
527,가오천동,대전,동구,대전 동구 가오동 235-12(대전 동구 대전로 446)
528,가장내동,대전,서구,대전 서구 가장동 50-45(대전 서구 가장로 129)
529,갈마1호,대전,서구,"대전 서구 갈마2동 404-2 푸른아파트 상가 107-2(대전 서구 갈마로117번길 23, 푸른임대아파트 상가 107-2)"
530,관저1호,대전,유성구,대전 유성구 원내동 829 외 1필지(대전 유성구 계백로 963)
531,관저느리울,대전,서구,대전 서구 관저동 1354(대전 서구 관저동로 65)
532,관평,대전,유성구,대전 유성구 관평동 1056(대전 유성구 관평1로 67)
533,노은1지구,대전,유성구,대전 유성구 노은동 553-9 스타돔 120호(대전 유성구 노은로 71 스타돔 120호)
534,노은2지구,대전,유성구,대전 유성구 지족동 985-2(대전 유성구 지족로 355)
535,대사부사,대전,중구,대전 중구 대사동 69-53(대전 중구 충무로 116)
536,도마1호,대전,서구,대전 서구 도마동 114-19(대전 서구 배재로 88)
537,도안1지구,대전,유성구,대전 유성구 상대동 469-9(대전 유성구 상대동로 50)
538,둔산1호,대전,서구,"대전 서구 둔산2동 1093 101호(대전 서구 갈마역로 22, 101호)"
539,둔산2호,대전,서구,대전 서구 둔산동 1851(대전 서구 둔산로 238)
540,만년,대전,서구,대전 서구 만년동 277(대전 서구 만년남로 3번길 1)
541,문화1호,대전,중구,대전 중구 문화동 466-16(대전 중구 천근로 21)
542,복수,대전,서구,대전 서구 복수동 622(대전 서구 복수동로 63)
543,송강,대전,유성구,대전 유성구 봉산동 198-13(대전 유성구 봉산로 36)
544,송촌1호,대전,대덕구,대전 대덕구 송촌동 454-4(대전 대덕구 송촌북로 20번길 27-17)
545,신성,대전,유성구,대전 유성구 신성동 137-15(대전 유성구 신성로 80-1)
546,신탄진,대전,대덕구,대전 대덕구 석봉동 309-1(대전 대덕구 대덕대로 1550)
547,송촌1호,대전,대덕구,대전 대덕구 송촌동 454-4(대전 대덕구 송촌북로 20번길 27-17)
548,신탄진,대전,대덕구,대전 대덕구 석봉동 309-1(대전 대덕구 대덕대로 1550)
549,한남대,대전,대덕구,대전 대덕구 한남로 오정동 223-260(대전 대덕구 한남로 12번길 19-9)
550,가오천동,대전,동구,대전 동구 가오동 235-12(대전 동구 대전로 446)
551,용운,대전,동구,대전 동구 용운동 306-3(대전 동구 용운로 156)
552,자양대동,대전,동구,대전 동구 대동 192-1(대전 동구 동대전로 93)
553,가장내동,대전,서구,대전 서구 가장동 50-45(대전 서구 가장로 129)
554,갈마1호,대전,서구,"대전 서구 갈마2동 404-2 푸른아파트 상가 107-2(대전 서구 갈마로117번길 23, 푸른임대아파트 상가 107-2)"
555,관저느리울,대전,서구,대전 서구 관저동 1354(대전 서구 관저동로 65)
556,도마1호,대전,서구,대전 서구 도마동 114-19(대전 서구 배재로 88)
557,둔산1호,대전,서구,"대전 서구 둔산2동 1093 101호(대전 서구 갈마역로 22, 101호)"
558,둔산2호,대전,서구,대전 서구 둔산동 1851(대전 서구 둔산로 238)
559,만년,대전,서구,대전 서구 만년동 277(대전 서구 만년남로 3번길 1)
560,복수,대전,서구,대전 서구 복수동 622(대전 서구 복수동로 63)
561,월평1호,대전,서구,대전 서구 월평1동 845번지(대전 서구 월평중로 6)
562,탄방,대전,서구,대전 서구 탄방동 723(대전 서구 문정로 89번길 37)
563,관저1호,대전,유성구,대전 유성구 원내동 829 외 1필지(대전 유성구 계백로 963)
564,관평,대전,유성구,대전 유성구 관평동 1056(대전 유성구 관평1로 67)
565,노은1지구,대전,유성구,대전 유성구 노은동 553-9 스타돔 120호(대전 유성구 노은로 71 스타돔 120호)
566,노은2지구,대전,유성구,대전 유성구 지족동 985-2(대전 유성구 지족로 355)
567,도안1지구,대전,유성구,대전 유성구 상대동 469-9(대전 유성구 상대동로 50)
568,송강,대전,유성구,대전 유성구 봉산동 198-13(대전 유성구 봉산로 36)
569,신성,대전,유성구,대전 유성구 신성동 137-15(대전 유성구 신성로 80-1)
570,유성,대전,유성구,대전 유성구 봉명동 621-1(대전 유성구 문화원로 90)
571,전민,대전,유성구,대전 유성구 전민동 306-13(대전 유성구 전민로70번길 59)
572,대사부사,대전,중구,대전 중구 대사동 69-53(대전 중구 충무로 116)
573,문화1호,대전,중구,대전 중구 문화동 466-16(대전 중구 천근로 21)
574,용두오류,대전,중구,대전 중구 용두동 26-1(대전 중구 계룡로 841)
575,중촌,대전,중구,대전 중구 중촌동 98-16(대전 중구 대종로 670)
576,태평1호,대전,중구,대전 중구 유천동 326-13(대전 중구 태평로 22(유천동))
577,강동산하,울산,북구,울산 북구 산하동 89(울산 북구 산하중앙2로 281)
578,공업탑,울산,남구,울산 남구 신정동 1218-7(울산 남구 봉월로 6)
579,구영,울산,울주군,울산 울주군 범서읍 구영리 801-6(울산 울주군 범서읍 구영로 128)
580,남목서부,울산,동구,울산 동구 서부동 181-31(울산 동구 방어진순환도로 929)
581,남창,울산,울주군,울산 울주군 온양읍 운화리 56-6(울산 울주군 온양읍 온양로 61)
582,다운,울산,중구,울산 중구 다운동 536-1(울산 중구 다운로 40)
583,달동,울산,남구,울산 남구 달동 135-2(울산 남구 신정로30번길 18)
584,덕신,울산,울주군,울산 울주군 덕신리 1294-2(울산 울주군 온산읍 온덕2길 18)
585,무거1호,울산,남구,울산 남구 무거동 1484-2(울산 남구 삼호로 6)
586,반구1호,울산,중구,울산 중구 반구동 874-3(울산 중구 염포로 70)
587,반구2호,울산,중구,울산 중구 반구동 99-17(울산 중구 화합로 415)
588,방어,울산,동구,울산 동구 방어동 1149-1(울산 동구 화문로 68)
589,복산,울산,중구,울산 중구 복산동 399-12(울산 중구 계변로 89-1)
590,삼산,울산,남구,울산 남구 달동 1331-20(울산 남구 삼산로241번길 35)
591,삼산2호,울산,남구,울산 남구 삼산동 203-15(울산 남구 남중로 92)
592,성안,울산,중구,울산 중구 성안동 804-10(울산 중구 백양로 13)
593,수암,울산,남구,울산 남구 신정4동 870-9(울산 남구 수암로 94)
594,신정3동(구 신정3호점),울산,남구,울산 남구 신정3동 177-1(울산 남구 월평로 68-1)
595,야음1호,울산,남구,울산 남구 선암동 679-3(울산 남구 선암동 두왕로 190)
596,야음2호,울산,남구,울산 남구 야음1동 455-8(울산 남구 수암로 259-1)
597,공업탑,울산,남구,울산 남구 신정동 1218-7(울산 남구 봉월로 6)
598,달동,울산,남구,울산 남구 달동 135-2(울산 남구 신정로30번길 18)
599,무거1호,울산,남구,울산 남구 무거동 1484-2(울산 남구 삼호로 6)
600,삼산,울산,남구,울산 남구 달동 1331-20(울산 남구 삼산로241번길 35)
601,삼산2호,울산,남구,울산 남구 삼산동 203-15(울산 남구 남중로 92)
602,수암,울산,남구,울산 남구 신정4동 870-9(울산 남구 수암로 94)
603,신정3동(구 신정3호점),울산,남구,울산 남구 신정3동 177-1(울산 남구 월평로 68-1)
604,야음1호,울산,남구,울산 남구 선암동 679-3(울산 남구 선암동 두왕로 190)
605,야음2호,울산,남구,울산 남구 야음1동 455-8(울산 남구 수암로 259-1)
606,옥동,울산,남구,울산 남구 옥동 1406-17(울산 남구 문수로 355)
607,울대,울산,남구,울산 남구 무거동 583-17(울산 남구 대학로 39)
608,남목서부,울산,동구,울산 동구 서부동 181-31(울산 동구 방어진순환도로 929)
609,방어,울산,동구,울산 동구 방어동 1149-1(울산 동구 화문로 68)
610,전하,울산,동구,울산 동구 전하2동 634-4(울산 동구 진성13길 90)
611,화정,울산,동구,울산 동구 화정동 438-3(울산 동구 대송로 96)
612,강동산하,울산,북구,울산 북구 산하동 89(울산 북구 산하중앙2로 281)
613,양정염포,울산,북구,울산 북구 양정동 497-11(울산 북구 염포로 477-2)
614,호계1호,울산,북구,울산 북구 호계동 286-15(울산 북구 동대로 37)
615,호계2호,울산,북구,울산 북구 신천동 107-4(울산시 북구 신천로 53-2)
616,화봉,울산,북구,울산 북구 연암동 414-3(울산 북구 상방로 130)
617,구영,울산,울주군,울산 울주군 범서읍 구영리 801-6(울산 울주군 범서읍 구영로 128)
618,남창,울산,울주군,울산 울주군 온양읍 운화리 56-6(울산 울주군 온양읍 온양로 61)
619,덕신,울산,울주군,울산 울주군 덕신리 1294-2(울산 울주군 온산읍 온덕2길 18)
620,언양,울산,울주군,울산 울주군 언양읍 동부리 147-1(울산 울주군 언양읍 옛장터1길 34)
621,웅촌,울산,울주군,울산 울주군 청량면 삼정리 755-1 가동 216호(울산 울주군 청량면 삼정로 92-3 가동 216호)
622,천상,울산,울주군,울산 울주군 범서읍 천상리 650-5(울산 울주군 범서읍 천상중앙길 104)
623,다운,울산,중구,울산 중구 다운동 536-1(울산 중구 다운로 40)
624,반구1호,울산,중구,울산 중구 반구동 874-3(울산 중구 염포로 70)
625,반구2호,울산,중구,울산 중구 반구동 99-17(울산 중구 화합로 415)
626,복산,울산,중구,울산 중구 복산동 399-12(울산 중구 계변로 89-1)
627,성안,울산,중구,울산 중구 성안동 804-10(울산 중구 백양로 13)
628,약사병영,울산,중구,울산 중구 약사동 629-17(울산 중구 평산1길 2)
629,옥교,울산,중구,울산 중구 학산동 3-27(울산 중구 구교로 64)
630,우정,울산,중구,울산 중구 우정동 436-41(울산 중구 우정2길 25)
631,태화,울산,중구,울산 중구 태화동 117-2(울산 중구 신기길 128(태화동))
632,고운,세종,고운동,세종 고운동 1718(세종 마음로 78 104호)
633,도담,세종,도담동,"세종 도담동 245-1(세종  보듬3로 8-29(도담동,해피라움6))"
634,보람,세종시,보람동,세종시 보람동 628-4(세종시 호려울로 51)
635,조치원1호,세종,조치원읍,세종 조치원읍 죽림리 21-1 삼일아파트 상가 109호(세종 조치원읍 충현로 72 삼일아파트 상가 109호)
636,한솔,세종,한솔동,세종 한솔동 927(세종 노을3로 104 한솔빌딩 106호 (한솔동))
637,가람마을,경기,파주시,경기 파주시 와동동 1557-1(경기 파주시 가람로 47)
638,가평,경기,가평군,경기 가평군 가평읍 대곡리 230-23(경기 가평군 가평읍 오리나무길 25)
639,강선,경기,고양시,경기 고양시 일산동구 정발산동 717-3(경기 고양시 일산동구 무궁화로75번길 36)
640,거모,경기,시흥시,경기 시흥시 거모동 1757-1(경기 시흥시 군자로 507)
641,고강1호,경기,부천시,경기 부천시 오정구 고강1동 305-4(경기 부천시 오정구 원종로 111)
642,고색,경기,수원시,경기 수원시 권선구 고색동 31-4(경기 수원시 권선구 매송고색로 737)
643,고양동,경기,고양시,"경기 고양시 덕양구 고양동 176-8 104호(경기 고양시 덕양구 동헌로 461, 104호)"
644,고읍1호,경기,양주시,"경기 양주시 광사동 657   103호(경기 양주시 고읍남로 23, 103호)"
645,고잔1호,경기,안산시,경기 안산시 단원구 고잔동 756-1(경기 안산시 단원구 민속공원로 90)
646,고잔2호,경기,안산시,경기 안산시 단원구 와동 685-6(경기 안산시 단원구 삼일로 455-1)
647,고촌,경기,김포시,경기 김포시 고촌면 신곡리 1052(경기 김포시 고촌읍 고송로 17)
648,곡반정,경기,수원시,경기 수원시 권선구 곡반정동 584-4(경기 수원시 권선구 동수원로 58번길 18)
649,곤지암,경기,광주시,경기 광주시 곤지암읍 곤지암리 443-9(경기 광주시 곤지암읍 경충대로 617)
650,공도1호,경기,안성시,경기 안성시 공도읍 만정리 417-98(경기 안성시 공도읍 공도로 68)
651,과천1호,경기,과천시,경기 과천시 원문동 4 레미안 슈르 A상가(4번지)동 제1층 1023호(경기 과천시 별양로 28  A상가(4번지)동 제1층 1023호)
652,관양,경기,안양시,"경기 안양시 동안구 관양동 1437-20 1층(경기 안양시 동안구 관악대로 419-1, 1층)"
653,광교1호,경기,수원시,경기 수원시 영통구 이의동 1332 CB 4~5호(경기 수원시 영통구 센트럴타운로 85)
654,광명1호,경기,광명시,경기 광명시 광명동 295-4(경기 광명시 광명로 864)
655,광주1호,경기,광주시,경기 광주시 경안동 154-1(경기 광주시 문화로 101번길 2)
656,괴안,경기,부천시,경기 부천시 소사구 괴안동 39-2(경기 부천시 소사구 범안로 2)
657,가평,경기,가평군,경기 가평군 가평읍 대곡리 230-23(경기 가평군 가평읍 오리나무길 25)
658,청평,경기,가평군,경기 가평군 청평면 청평리 452-5(경기 가평군 청평면 청평중앙로 17)
659,현리,경기,가평군,경기 가평군 하면 현리 259-7(경기 가평군 하면 조종희망로 26)
660,고양동,경기,고양시,"경기 고양시 덕양구 고양동 176-8 104호(경기 고양시 덕양구 동헌로 461, 104호)"
661,무원마을,경기,고양시,"경기 고양시 덕양구 행신동 719-9 (1층103호)(경기 고양시 덕양구 무원로 32, 1층 103호)"
662,삼송,경기,고양시,"경기 고양시 덕양구 신원로 185(신원동, 1층 상가 5~6호)(경기 고양시 덕양구 신원로 185(신원동, 1층 상가 5~6호))"
663,원당,경기,고양시,경기 고양시 덕양구 성사동 519-2(경기 고양시 덕양구 호국로 838)
664,행신1호,경기,고양시,경기 고양시 덕양구 행신동 995-2(경기 고양시 덕양구 중앙로 547)
665,화정1호,경기,고양시,"경기 고양시 덕양구 화정동 906-5 1층 102호(경기 고양시 덕양구 은빛로 61, 1층 102호)"
666,강선,경기,고양시,경기 고양시 일산동구 정발산동 717-3(경기 고양시 일산동구 무궁화로75번길 36)
667,밤가시후곡,경기,고양시,경기 고양시 일산동구 정발산동 1093(경기 고양시 일산서구 일산로 486)
668,백마강촌,경기,고양시,경기 고양시 일산동구 마두1동 734 백마마을4단지상가 106호(경기 고양시 일산동구 강촌로 191)
669,백송,경기,고양시,"경기 고양시 일산동구 백석동 1225 중앙프라자 103호(경기 고양시 일산동구 강송로 115, 중앙프라자 103호)"
670,식사,경기,고양시,경기 고양시 일산동구 식사동 1531(경기 고양시 일산동구 위시티2로 11번길)
671,중산,경기,고양시,경기 고양시 일산동구 중산동 1667-3(경기 고양시 일산동구 고봉로278번길 16)
672,호수,경기,고양시,경기 고양시 일산동구 백석동 1414-15(경기 고양시 일산동구 호수로 446번길 73-3)
673,구일산,경기,고양시,경기 고양시 일산서구 일산동 967-6(경기 고양시 일산서구 원일로 21)
674,대화,경기,고양시,"경기 고양시 일산서구 대화동 2126-2 (동남빌딩 101호)(경기 고양시 일산서구 대산로 212, 동남빌딩 101호)"
675,주엽,경기,고양시,"경기 고양시 일산서구 주엽2동 138 애비뉴상가 1층 1068호(경기 고양시 일산서구 중앙로 1493, 애비뉴상가 1층)"
676,탄현,경기,고양시,경기 고양시 일산서구 탄현동 1501-4(경기 고양시 일산서구 탄중로233번길 4)
677,과천1호,경기,과천시,경기 과천시 원문동 4 레미안 슈르 A상가(4번지)동 제1층 1023호(경기 과천시 별양로 28  A상가(4번지)동 제1층 1023호)
678,광명1호,경기,광명시,경기 광명시 광명동 295-4(경기 광명시 광명로 864)
679,소하1호,경기,광명시,경기 광명시 소하동 1240-3(경기 광명시 기아로 24)
680,소하2호,경기,광명시,"경기 광명시 소하동 1363, 신촌 휴먼시아 상가 106호(경기 광명시 신촌로 49, 신촌 휴먼시아 상가 106호)"
681,철산1호,경기,광명시,경기 광명시 철산동 210-1(경기 광명시 시청로 41)
682,철산2호,경기,광명시,경기 광명시 철산동 92-1(경기 광명시 시청로 110)
683,하안1호,경기,광명시,"경기 광명시 하안동 35-5, 영보빌딩 102호(경기 광명시 하안로287번길 17, 영보빌딩 102호)"
684,곤지암,경기,광주시,경기 광주시 곤지암읍 곤지암리 443-9(경기 광주시 곤지암읍 경충대로 617)
685,광주1호,경기,광주시,경기 광주시 경안동 154-1(경기 광주시 문화로 101번길 2)
686,신현,경기,광주시,경기 광주시 오포읍 신현리 371-4(경기 광주시 오포읍 신현로 120)
687,태전,경기,광주시,경기 광주시 태전동 261-14(경기 광주시 태봉로 26)
688,수택,경기,구리시,경기 구리시 교문동 760-12(경기 구리시 이문안로 3)
689,인창,경기,구리시,경기 구리시 인창동 527-17(경기 구리시 동구릉로 77)
690,토평,경기,구리시,"경기 구리시 토평동 970-6 1층 상가(경기 구리시 벌말로 147번길 28, 1층 상가)"
691,당동1호,경기,군포시,"경기 군포시 당동 904-5 그린프라자 102호(경기 군포시 고산로 264번길 13, 그린프라자 102호)"
692,부곡,경기,군포시,경기 군포시 부곡동 1132-4 1층(경기 군포시 송부로 291번길 9)
693,산본1호,경기,군포시,"경기 군포시 산본동 1106-3 101호(경기 군포시 산본로 431번길 6, 101호)"
694,산본3호,경기,군포시,"경기 군포시 산본동 48 에덴다모은정아파트 1층(경기 군포시 곡란로 8번길 42, 에덴다모은정아파트 1층)"
695,산본역,경기,군포시,경기 군포시 산본동 1142-6(경기 군포시 번영로 495)
696,호계3호,경기,군포시,경기 군포시 당정동 2-3(경기 군포시 엘에스로 13)
697,고촌,경기,김포시,경기 김포시 고촌면 신곡리 1052(경기 김포시 고촌읍 고송로 17)
698,구래,경기,김포시,경기 김포시 구래동 6883-1(경기 김포시 김포한강9로 76번길 87)
699,사우,경기,김포시,"경기 김포시 사우동 998(경기 김포시 돌문로 66, 1층)"
700,운양,경기,김포시,경기 김포시 운양동 1297-6 승문리앤포레 1차 1층(경기 김포시 김포한강11로 310 승문리앤포레 1차 1층)
701,장기1호,경기,김포시,"경기 김포시 장기동 장기동 1360(경기 김포시 김포한강1로 78번길 6-6, 1층(연경프라자 103,104,114호))"
702,통진1호,경기,김포시,경기 김포시 서암리 758-79(경기 김포시 서암로 94번길 6)
703,풍무,경기,김포시,경기 김포시 풍무동 429-11(경기도 김포시 풍무로 59)
704,덕소1호,경기,남양주시,경기 남양주시 와부읍 덕소리 141-91(경기 남양주시 와부읍 수레로 44 1층)
705,도농1호,경기,남양주시,경기 남양주시 도농동 153-5(경기 남양주시 경춘로 384)
706,마석,경기,남양주시,경기 남양주시 화도읍 마석우리 384-8(경기 남양주시 화도읍 마석로 100)
707,별내1호,경기,남양주시,경기 남양주시 별내동 1078-3(경기 남양주시 별내면 별내5로 5번길 47)
708,별내2호,경기,남양주시,경기 남양주시 별내동 846-7(경기 남양주시 덕송2로6번길 16-48)
709,오남,경기,남양주시,경기 남양주시 오남읍 오남리 205-19(경기 남양주시 오남읍 진건오남로 647)
710,진건,경기,남양주시,경기 남양주시 진건읍 사능리 353-4(경기 남양주시 진건읍 사릉로 390)
711,진접장현리,경기,남양주시,경기 남양주시 진접읍 장현리 672-1(경기 남양주시 진접읍 봉현로 14)
712,진접지구,경기,남양주시,경기 남양주시 진접읍 금곡리 1041-1(경기 남양주시 진접읍 해밀예당2로 119)
713,창현,경기,남양주시,경기 남양주시 화도읍 창현리 462-3(경기 남양주시 화도읍 창현로 19)
714,퇴계원,경기,남양주시,경기 남양주시 퇴계원면 퇴계원리 290-14(경기 남양주시 퇴계원면 퇴계원로 33)
715,평내,경기,남양주시,경기 남양주시 평내동 203-2(경기 남양주시 경춘로 1298 혜림빌딩)
716,호평,경기,남양주시,경기 남양주시 호평동 650-1(경기 남양주시 호평로 64-1)
717,송내,경기,동두천시,"경기 동두천시 지행동 694 예일 복합타워 114호(경기 동두천시 중앙로 134-12, 예일복합타워 114호)"
718,괴안,경기,부천시,경기 부천시 소사구 괴안동 39-2(경기 부천시 소사구 범안로 2)
719,소사범박,경기,부천시,경기 부천시 소사구 소사본동 139-9(경기 부천시 소사구 소사로222)
720,송내,경기,부천시,경기 부천시 소사구 송내1동 366-13(경기 부천시 소사구 경인로 67)
721,심곡1호,경기,부천시,경기 부천시 소사구 심곡본동 678-17(경기 부천시 소사구 성주로 257-1)
722,고강1호,경기,부천시,경기 부천시 오정구 고강1동 305-4(경기 부천시 오정구 원종로 111)
723,원종도당,경기,부천시,경기 부천시 오정구 원종1동 281-15(경기 부천시 오정구 소사로 740)
724,상동1호,경기,부천시,"경기 부천시 원미구 상2동 546-6 110호(경기 부천시 원미구 소향로 25, 110호)"
725,상동역,경기,부천시,"경기 부천시 원미구 상동 523-3 대동프라자 1층 107호(경기 부천시 원미구 도약로 25, 대동프라자 1층 107호)"
726,송내로데오,경기,부천시,경기 부천시 원미구 상동 400-2(경기 부천시 원미구 상일로 86)
727,신중동,경기,부천시,경기 부천시 원미구 중동 1141-1(경기 부천시 원미구 중동로 262번길 40)
728,역곡2동,경기,부천시,경기 부천시 원미구 역곡동 48-5(경기 부천시 원미구 부일로 696)
729,중동2호,경기,부천시,경기 부천시 원미구 중4동 1033-3(경기 부천시 원미구 길주로 199)
730,동판교,경기,성남시,경기 성남시 분당구 삼평동 664(경기 성남시 분당구 판교역로 192번길 12)
731,무지개마을,경기,성남시,경기 성남시 분당구 구미동 212-2(경기 성남시 분당구 미금로 22번길 8)
732,미금,경기,성남시,경기 성남시 분당구 구미동 47-1(경기 성남시 분당구 미금일로 74번길 20)
733,서판교,경기,성남시,경기 성남시 분당구 판교동 612-3(경기 성남시 분당구 운중로 243번길 14)
734,서현,경기,성남시,"경기 성남시 분당구 서현동 89-7, 삼성한신근린상가(경기 성남시 분당구 중앙공원로 39번길 7, 1층 121호)"
735,수내1호,경기,성남시,경기 성남시 분당구 수내동 32 양지마을청구아파트(경기 성남시 분당구 내정로 165번길 38 (양지마을청구아파트))
736,아름마을,경기,성남시,"경기 성남시 분당구 야탑동 533-8, 미라보상가 1층 7호(경기 성남시 분당구 판교로 445, 미라보상가 1층 7호)"
737,야탑1호,경기,성남시,경기 성남시 분당구 야탑동 272-4(경기 성남시 분당구 벌말로 40번길 3)
738,정자,경기,성남시,경기 성남시 분당구 정자동 58-8(경기 성남시 분당구 느티로 87번길 19)
739,효자,경기,성남시,"경기 성남시 분당구 서현동 298-3  효자촌프라자 119호(경기 성남시 분당구 돌마로 478, 효자촌프라자 119호)"
740,수진1호,경기,성남시,"경기 성남시 수정구 수진동 88번지 102호(경기 성남시 수정구 제일로 148, 102호)"
741,신흥1호,경기,성남시,경기 성남시 수정구 신흥동 34(경기 성남시 수정구 수정로 273)
742,태평1동,경기,성남시,경기 성남시 수정구 태평동 6974-1(경기 성남시 수정구 성남대로 1233)
743,금광1호,경기,성남시,경기 성남시 중원구 금광동 2706(경기 성남시 중원구 자혜로 82-1)
744,상대원1호,경기,성남시,경기 성남시 중원구 상대원동 5027(경기 성남시 중원구 희망로 321)
745,은행1호,경기,성남시,경기 성남시 중원구 은행동 663-3(경기 성남시 중원구 산성대로 572)
746,고색,경기,수원시,경기 수원시 권선구 고색동 31-4(경기 수원시 권선구 매송고색로 737)
747,곡반정,경기,수원시,경기 수원시 권선구 곡반정동 584-4(경기 수원시 권선구 동수원로 58번길 18)
748,권선1호,경기,수원시,경기 수원시 권선구 권선동 1260-5(경기 수원시 권선구 권광로 54)
749,금곡1호,경기,수원시,"경기 수원시 권선구 금곡동 1088-1(경기 수원시 권선구 금곡로118번길 10, 114호,115호)"
750,탑동,경기,수원시,경기 수원시 권선구 탑동 766-2(경기 수원시 권선구 탑동로 56)
751,호매실,경기,수원시,경기 수원시 권선구 호매실동 80-1(경기 수원시 권선구 금호로 64-3)
752,광교1호,경기,수원시,경기 수원시 영통구 이의동 1332 CB 4~5호(경기 수원시 영통구 센트럴타운로 85)
753,매탄1호,경기,수원시,경기 수원시 영통구 매탄동 1170-4(경기 수원시 영통구 매탄로 45(매탄동 1층))
754,매탄2호,경기,수원시,경기 수원시 영통구 매탄2동 199-69(경기 수원시 영통구 매영로 47)
755,매탄3호,경기,수원시,경기 수원시 영통구 매탄4동 208-21(경기 수원시 영통구 매탄로 184)
756,신영통1호,경기,수원시,경기 수원시 영통구 망포동 369-3(경기 수원시 영통구 영통로 161)
757,영통1호,경기,수원시,경기 수원시 영통구 영통동 1005-13(경기 수원시 영통구 영일로 25)
758,영통2호,경기,수원시,"경기 수원시 영통구 영통동 945-4, 한솔프라자 109호(경기 수원시 영통구 봉영로 1767, 한솔프라자 109호)"
759,연무1호,경기,수원시,경기 수원시 장안구 연무동 249-13(경기 수원시 장안구 월드컵로 420-2)
760,율전1호,경기,수원시,경기 수원시 장안구 율전동 305-6(경기 수원시 장안구 율전로 107)
761,정자1호,경기,수원시,경기 수원시 장안구 정자동 41-2(경기 수원시 장안구 장안로 111)
762,정자2호,경기,수원시,"경기 수원시 장안구 천천동 502-6, 1층(경기 수원시 장안구 정자로 28(천천동), 1층)"
763,조원1호,경기,수원시,경기 수원시 장안구 조원동 729-12(경기 수원시 장안구 조원로 100-1)
764,파장,경기,수원시,경기 수원시 장안구 송죽동 216-1(경기 수원시 장안구 경수대로 998)
765,매교,경기,수원시,경기 수원시 팔달구 매교동 186-3(경기 수원시 팔달구 정조로 658)
766,아주대,경기,수원시,"경기 수원시 팔달구 우만동 85-3 우만동R타워(경기 수원시 팔달구 중부대로239번길 5(우만동,우만동R타워))"
767,우만1호,경기,수원시,경기 수원시 팔달구 우만1동 466-4(경기 수원시 팔달구 월드컵로 371)
768,화서1호,경기,수원시,"경기 수원시 팔달구 화서동 703 꽃뫼양지마을(대우아파트) 상가 105, 106호(경기 수원시 팔달구 수성로 101번길 20, 꽃뫼양지마을(대우아파트) 상가 105, 106호)"
769,화서2호,경기,수원시,경기 수원시 팔달구 화서1동 135-2(경기 수원시 팔달구 화양로 17-2)
770,거모,경기,시흥시,경기 시흥시 거모동 1757-1(경기 시흥시 군자로 507)
771,능곡,경기,시흥시,경기 시흥시 능곡동 545(경기 시흥시 승지로 69)
772,목감신도시1호,경기,시흥시,경기 시흥시 목감동 410-2(경기 시흥시 남왕길 48)
773,배곧신도시1호,경기,시흥시,"경기 시흥시 정왕동 2475 에이플러스 115, 116호(경기 시흥시 배곧4로 18 에이플러스 115, 116호)"
774,신천1호,경기,시흥시,경기 시흥시 신천동 707-50(경기 시흥시 대골안길 92)
775,은행1호,경기,시흥시,경기 시흥시 대야동 580-4(경기 시흥시 은행로 166)
776,장곡,경기,시흥시,"경기 시흥시 장곡동 802-1, 금강프라자 1층 108호(경기 시흥시 장곡로 74, 금강빌딩 1층 108호)"
777,정왕1호,경기,시흥시,경기 시흥시 정왕동 1593-2(경기 시흥시 봉우재로 16)
778,정왕2호,경기,시흥시,경기 시흥시 정왕동 1859-3(경기 시흥시 옥구상가2길 12)
779,정왕3호,경기,시흥시,"경기 시흥시 정왕동 1726-1, 광개토빌딩 104호(경기 시흥시 정왕대로 174, 광개토빌딩 104호)"
780,고잔1호,경기,안산시,경기 안산시 단원구 고잔동 756-1(경기 안산시 단원구 민속공원로 90)
781,고잔2호,경기,안산시,경기 안산시 단원구 와동 685-6(경기 안산시 단원구 삼일로 455-1)
782,선부1호,경기,안산시,경기 안산시 단원구 선부동 1064-5(경기 안산시 단원구 석수로 31-1)
783,원곡1호,경기,안산시,경기 안산시 단원구 원곡동 754-6(경기 안산시 단원구 원곡로 58)
784,본오1호,경기,안산시,경기 안산시 상록구 본오동 879-10(경기 안산시 상록구 샘골로 157)
785,부곡,경기,안산시,경기 안산시 상록구 부곡동 670-2(경기 안산시 상록구 부곡로 107)
786,사동1호,경기,안산시,"경기 안산시 상록구 사동 1201(경기 안산시 상록구 용신로 262, 101호)"
787,사동2호,경기,안산시,"경기 안산시 상록구 사동 1376-7(경기 안산시 상록구 항가울로 54-1, 102/103호)"
788,월피,경기,안산시,"경기 안산시 상록구 월피동 442-26, 1층(경기 안산시 상록구 충장로 584, 1층)"
789,일동,경기,안산시,경기 안산시 상록구 일동 89-3(경기 안산시 상록구 구룡로 19-1)
790,공도1호,경기,안성시,경기 안성시 공도읍 만정리 417-98(경기 안성시 공도읍 공도로 68)
791,안성1호,경기,안성시,경기 안성시 연지동 94(경기 안성시 안성맞춤대로 1092)
792,안성2호,경기,안성시,경기 안성시 인지동 397-1(경기 안성시 장기로 68-1)
793,진사리,경기,안성시,"경기 안성시 공도읍 진사리 348, 서지프라자 106호(경기 안성시 공도읍 진건중길 39, 서지프라자 106호)"
794,관양,경기,안양시,"경기 안양시 동안구 관양동 1437-20 1층(경기 안양시 동안구 관악대로 419-1, 1층)"
795,비산1호,경기,안양시,경기 안양시 동안구 비산동 566-7(경기 안양시 동안구 경수대로 899)
796,평촌1호,경기,안양시,경기 안양시 동안구 평촌동 922-2(경기 안양시 동안구 평촌대로 122)
797,평촌3호,경기,안양시,경기 안양시 동안구 비산동 1059 층 A동 103호(경기 안양시 동안구 관악대로 272 1층 A동 103호)
798,호계1호,경기,안양시,경기 안양시 동안구 호계2동 927-2(경기 안양시 동안구 귀인로 104)
799,박달사거리,경기,안양시,경기 안양시 만안구 박달동 85-15(경기 안양시 만안구 박달로 508)
800,석수1호,경기,안양시,경기 안양시 만안구 석수1동 177-6(경기 안양시 만안구 경수대로 1207)
801,안양1번가,경기,안양시,경기 안양시 만안구 안양동 674-241(경기 안양시 만안구 장내로 143번길 34)
802,안양1호,경기,안양시,경기 안양시 만안구 안양동 765-8(경기 안양시 만안구 병목안로 87)
803,안양2호,경기,안양시,"경기 안양시 만안구 안양 5동 448-22 진명빌딩 103호(경기 안양시 만안구 냉천로 126, 진명빌딩 103호)"
804,고읍1호,경기,양주시,"경기 양주시 광사동 657   103호(경기 양주시 고읍남로 23, 103호)"
805,덕소1호,경기,남양주시,경기 남양주시 와부읍 덕소리 141-91(경기 남양주시 와부읍 수레로 44 1층)
806,덕정1호,경기,양주시,경기 양주시 덕정동 240-27(경기 양주시 고암길 358)
807,도농1호,경기,남양주시,경기 남양주시 도농동 153-5(경기 남양주시 경춘로 384)
808,마석,경기,남양주시,경기 남양주시 화도읍 마석우리 384-8(경기 남양주시 화도읍 마석로 100)
809,백석,경기,양주시,경기 양주시 백석읍 복지리 168-3(경기 양주시 백석읍 호명로 38)
810,별내1호,경기,남양주시,경기 남양주시 별내동 1078-3(경기 남양주시 별내면 별내5로 5번길 47)
811,별내2호,경기,남양주시,경기 남양주시 별내동 846-7(경기 남양주시 덕송2로6번길 16-48)
812,오남,경기,남양주시,경기 남양주시 오남읍 오남리 205-19(경기 남양주시 오남읍 진건오남로 647)
813,옥정,경기,양주시,"경기 양주시 옥정동 966-1 (101호, 102호)(경기 양주시 옥정동로7다길 62 101호, 201호)"
814,진건,경기,남양주시,경기 남양주시 진건읍 사능리 353-4(경기 남양주시 진건읍 사릉로 390)
815,진접장현리,경기,남양주시,경기 남양주시 진접읍 장현리 672-1(경기 남양주시 진접읍 봉현로 14)
816,진접지구,경기,남양주시,경기 남양주시 진접읍 금곡리 1041-1(경기 남양주시 진접읍 해밀예당2로 119)
817,창현,경기,남양주시,경기 남양주시 화도읍 창현리 462-3(경기 남양주시 화도읍 창현로 19)
818,퇴계원,경기,남양주시,경기 남양주시 퇴계원면 퇴계원리 290-14(경기 남양주시 퇴계원면 퇴계원로 33)
819,평내,경기,남양주시,경기 남양주시 평내동 203-2(경기 남양주시 경춘로 1298 혜림빌딩)
820,호평,경기,남양주시,경기 남양주시 호평동 650-1(경기 남양주시 호평로 64-1)
821,양평,경기,양평군,경기 양평군 양평읍 양근리 183-4(경기 양평군 양평읍 시민로 44)
822,여주1호,경기,여주군,경기 여주군 여주읍 하리 343-11(경기 여주군 여주읍 하리 343-11)
823,전곡,경기,연천군,경기 연천군 전곡읍 전곡리 302-11(경기 연천군 전곡읍 온골로 43번길 3)
824,세마1호,경기,오산시,경기 오산시 내삼미동 856-8(경기 오산시 수청로 62)
825,운암2호,경기,오산시,"경기 오산시 오산동 919-3, 102호(경기 오산시 운암로 117, 102호)"
826,원동,경기,오산시,"경기 오산시 오산동 881-7(경기 오산시 오산로 199 동양프라자 101호, 102호)"
827,구갈2지구,경기,용인시,경기 용인시 기흥구 구갈리 345-3(경기 용인시 기흥구 구갈로 92)
828,구성1호,경기,용인시,경기 용인시 기흥구 마북동 370-9(경기 용인시 기흥구 구성로 19)
829,동백1호,경기,용인시,경기 용인시 기흥구 동백동 614-5(경기 용인시 기흥구 평촌1로 1번길 7)
830,흥덕,경기,용인시,경기 용인시 기흥구 영덕동 1007-6(경기 용인시 기흥구 흥덕1로 52)
831,상현1호,경기,용인시,경기 용인시 수지구 상현동 3-4(경기 용인시 수지구 만현로20)
832,상현역,경기,용인시,경기 용인시 수지구 상현동 1160(경기 용인시 수지구 광교호수로360번길 2)
833,성복,경기,용인시,경기 용인시 수지구 성복동 162-3(경기 용인시 수지구 성복2로 100)
834,수지1지구,경기,용인시,"경기 용인시 수지구 풍덕천동 29-10(경기 용인시 수지구 수지로342번길 17(풍덕천동,에덴프라자))"
835,수지2지구,경기,용인시,경기 용인시 수지구 풍덕천동 697(경기 용인시 수지구 정평로 102(풍덕천동))
836,죽전,경기,용인시,경기 용인시 수지구 죽전동 1151 101호(경기 용인시 수지구 탄천상로 7 101호)
837,둔전,경기,용인시,경기 용인시 처인구 포곡읍 둔전리 400-2(경기 용인시 처인구 포곡읍 포곡로 79)
838,용인1호,경기,용인시,경기 용인시 처인구 김량장동 293-24(경기 용인시 처인구 중부대로 1355)
839,용인2호,경기,용인시,경기 용인시 처인구 마평동 657-14(경기 용인시 처인구 금령로 141)
840,내손갈뫼,경기,의왕시,경기 의왕시 내손1동 755-4 명성프라자(경기 의왕시 계원대학로 28)
841,오전고천,경기,의왕시,"경기 의왕시 오전동 276-1, 114호(경기 의왕시 경수대로 292, 114호)"
842,인덕원,경기,의왕시,"경기 의왕시 포일동 662(경기 의왕시 포일세거리로 3, 파레사타워 102호)"
843,포일내손,경기,의왕시,경기 의왕시 내손동 652-21(경기 의왕시 내손순환로 186-1)
844,금오,경기,의정부시,경기 의정부시 금오동 473-4(경기 의정부시 부용로 105)
845,녹양,경기,의정부시,경기 의정부시 가능동 92-51(경기 의정부시 서부로 743)
846,민락,경기,의정부시,경기 의정부시 민락동 834-3(경기 의정부시 오목로 225번길 89-41)
847,신곡,경기,의정부시,경기 의정부시 신곡동 484(경기 의정부시 능곡로 26번길 23)
848,신곡2호,경기,의정부시,경기 의정부시 신곡1동 707-2(경기 의정부시 신곡로 61)
849,용현1호,경기,의정부시,경기 의정부시 용현동 18-15(경기 의정부시 충의로 37)
850,장암,경기,의정부시,경기 의정부시 신곡1동 336(경기도\ 의정부시 동일로 468)
851,호원1호,경기,의정부시,경기 의정부시 호원동 466-15(경기 의정부시 평화로 156)
852,이천1호,경기,이천시,경기 이천시 창전동 458-17(경기 이천시 영창로 247)
853,이천하이닉스,경기,이천시,경기 이천시 부발읍 아미리 735(경기 이천시 부발읍 경충대로 2110길 13)
854,증포,경기,이천시,경기 이천시 증포동 153-5(경기 이천시 이섭대천로 1358)
855,가람마을,경기,파주시,경기 파주시 와동동 1557-1(경기 파주시 가람로 47)
856,교하신도시,경기,파주시,경기 파주시 다율동 1001-6(경기 파주시 순못길 7)
857,금촌1호,경기,파주시,"경기 파주시 금촌동 790-10 1층(경기 파주시 황골로 75, 1층)"
858,금촌로데오,경기,파주시,경기 파주시 금촌동 986-2(경기 파주시 금빛로 27)
859,문산,경기,파주시,"경기 파주시 문산읍 문산리 17-345 1층 5호(경기 파주시 문산읍 문향로 30, 1층 5호)"
860,봉일천,경기,파주시,경기 파주시 조리읍 봉일천리 142-3(경기 파주시 조리읍 고봉로 1032)
861,운정1호,경기,파주시,경기 파주시 동패동 1758(경기 파주시 와석순환로 135)
862,비전1호,경기,평택시,경기 평택시 비전동 272-7(경기 평택시 평택5로 176)
863,비전2호,경기,평택시,경기 평택시 비전1동 793-7(경기 평택시 평택2로 117)
864,세교,경기,평택시,"경기 평택시 세교동 558 우성꿈그린@상가 105,106호(경기 평택시 세교3로 5 우성꿈그린@상가 105,106호)"
865,송탄1호,경기,평택시,경기 평택시 서정동 843-10(경기 평택시 서정로 251)
866,송탄2호,경기,평택시,경기 평택시 지산동 995(경기 평택시 지산천로 63)
867,안중1호,경기,평택시,경기 평택시 안중읍 현화리 831(경기 평택시 안중읍 안현로서8길 57)
868,팽성1호,경기,평택시,경기 평택시 팽성읍 안정리 26-49(경기 평택시 팽성읍 안정로 73)
869,포승1호,경기,평택시,경기 평택시 도곡리 1142-16(경기 평택시 포승읍 여술로 33-1)
870,송우,경기,포천시,경기 포천시 소흘읍 송우리 729-3 파크프라자 1층(경기 포천시 소흘읍 송우로 75)
871,포천,경기,포천시,경기 포천시 신읍동 47-10(경기 포천시 구절초로 44)
872,덕풍1호,경기,하남시,경기 하남시 덕풍동 309-64(경기 하남시 하남대로 859)
873,미사1호,경기,하남시,경기 하남시 망월동 1004-1(경기 하남시 미사강변북로 30번길 127)
874,신장1호,경기,하남시,경기 하남시 신장동 447-28(경기 하남시 하남대로 771)
875,신장2호,경기,하남시,경기 하남시 천현동 40-13(경기 하남시 천현로 130)
876,동탄1호,경기,화성시,경기 화성시 반송동 42-6(경기 화성시 동탄지성로 92)
877,동탄2 영천,경기,화성시,경기 화성시 영천동 701-1(경기 화성시 지산2길 4-7)
878,동탄2호,경기,화성시,경기 화성시 반송동 217-6(경기 화성시 동탄솔빛로 48)
879,발안1호,경기,화성시,경기 화성시 향남면 행정리 426-11(경기 화성시 향남읍 행정서로 3길 4-32)
880,병점1호,경기,화성시,"경기 화성시 병점동 379-10 병점프라자 109호, 110호(경기 화성시 경기대로 1014 병점프라자 109호, 110호)"
881,병점2호,경기,화성시,경기 화성시 진안동 914-1(경기 화성시 효행로 1051)
882,봉담1호,경기,화성시,경기 화성시 상리 26-8(경기 화성시 봉담읍 삼천병마로 1268)
883,와우리,경기,화성시,경기 화성시 기안동 338-4(경기 화성시 효행로 249)
884,강남,강원,강릉시,강원 강릉시 노암동 708-1(강원 강릉시 임영로 62)
885,개운,강원,원주시,강원 원주시 개운동 395-23(강원 원주시 행구로 32)
886,고성,강원,고성군,강원 고성군 간성읍 신안리 218(강원 고성군 간성읍 간성로 49)
887,교대,강원,춘천시,강원 춘천시 석사동 291-15(강원 춘천시 공지로 104)
888,교동,강원,속초시,강원 속초시 교동 974-2(강원 속초시 수복로 17-1)
889,교동1호,강원,강릉시,강원 강릉시 교1동 1863-3(강원 강릉시 솔올로 34)
890,늘품,강원,원주시,강원 원주시 반곡동 1767-54(강원 원주시 늘품로 193-1)
891,단계,강원,원주시,강원 원주시 단계동 837(강원 원주시 봉화로 48)
892,단구,강원,원주시,강원 원주시 관설동 1701-4(강원 원주시 나비허리길 154)
893,동명,강원,속초시,강원 속초시 동명동 1-18(강원 속초시 영금정로29)
894,명륜,강원,원주시,강원 원주시 명륜동 539(강원 원주시 남원로 527)
895,무실,강원,원주시,강원 원주시 무실동 1664-3(강원 원주시 만대로 176)
896,묵호,강원,동해시,강원 동해시 부곡동 74-5(강원 동해시 발한로 45)
897,문막,강원,원주시,강원 원주시 문막읍 건등리 1705-3(강원 원주시 문막읍 건등로 36)
898,북삼,강원,동해시,강원 동해시 쇄운동 84-5(강원 동해시 청운로 73)
899,사북고한,강원,정선군,강원 정선군 사북읍 사북리 344-56(강원 정선군 사북읍 사북중앙로 58-1)
900,사창,강원,화천군,강원 화천군 사내면 사창리 457-12(강원 화천군 사내면 사내로5길 13)
901,삼척,강원,삼척시,강원 삼척시 남양동 17-2(강원 삼척시 진주로 41)
902,석사1호,강원,춘천시,"강원 춘천시 석사동 748-18(33통405)(강원 춘천시 애막골길11번길 2, (33통405))"
903,성덕,강원,강릉시,강원 강릉시 입암동 498-13(강원 강릉시 강변로410번길 41(입암동))
904,강남,강원,강릉시,강원 강릉시 노암동 708-1(강원 강릉시 임영로 62)
905,교동1호,강원,강릉시,강원 강릉시 교1동 1863-3(강원 강릉시 솔올로 34)
906,성덕,강원,강릉시,강원 강릉시 입암동 498-13(강원 강릉시 강변로410번길 41(입암동))
907,주문진,강원,강릉시,강원 강릉시 주문진읍 교항리 119-11(강원 강릉시 주문진읍 주문로 4)
908,포남,강원,강릉시,강원 강릉시 포남1동 1140-1(강원 강릉시 경강로 2220)
909,고성,강원,고성군,강원 고성군 간성읍 신안리 218(강원 고성군 간성읍 간성로 49)
910,묵호,강원,동해시,강원 동해시 부곡동 74-5(강원 동해시 발한로 45)
911,북삼,강원,동해시,강원 동해시 쇄운동 84-5(강원 동해시 청운로 73)
912,천곡,강원,동해시,강원 동해시 천곡동 1044-2(강원도 동해시 한섬로 30)
913,삼척,강원,삼척시,강원 삼척시 남양동 17-2(강원 삼척시 진주로 41)
914,교동,강원,속초시,강원 속초시 교동 974-2(강원 속초시 수복로 17-1)
915,동명,강원,속초시,강원 속초시 동명동 1-18(강원 속초시 영금정로29)
916,조양,강원,속초시,강원 속초시 조양동 1540 부영파아트 상가동 102호(강원 속초시 조양로142번길 12)
917,양구,강원,양구군,강원 양구군 양구읍 상리 227-105(강원 양구군 양구읍 중앙길 47)
918,양양,강원,양양군,강원 양양군 양양읍 남문리 125(강원 양양군 양양읍 양양로 78-3)
919,영월,강원,영월군,강원 영월군 영월읍 하송1리 6반 178-11(강원 영월군 영월읍 하송1리 6반 178-11)
920,개운,강원,원주시,강원 원주시 개운동 395-23(강원 원주시 행구로 32)
921,늘품,강원,원주시,강원 원주시 반곡동 1767-54(강원 원주시 늘품로 193-1)
922,단계,강원,원주시,강원 원주시 단계동 837(강원 원주시 봉화로 48)
923,단구,강원,원주시,강원 원주시 관설동 1701-4(강원 원주시 나비허리길 154)
924,명륜,강원,원주시,강원 원주시 명륜동 539(강원 원주시 남원로 527)
925,무실,강원,원주시,강원 원주시 무실동 1664-3(강원 원주시 만대로 176)
926,문막,강원,원주시,강원 원주시 문막읍 건등리 1705-3(강원 원주시 문막읍 건등로 36)
927,우산,강원,원주시,강원 원주시 우산동 226-10(강원 원주시 우산초교길 58)
928,일산,강원,원주시,강원 원주시 원동 278-7(강원 원주시 남산로 59)
929,태장,강원,원주시,강원 원주시 태장동 북원로 2716-1(강원 원주시 태장동 북원로 2716-1)
930,혁신,강원,원주시,"강원 원주시 반곡동 1880-7(강원 원주시 양지로 14 , 114호)"
931,원통,강원,인제군,강원 인제군 북면 원통리 645-32(강원 인제군 북면 원통로 174-1)
932,사북고한,강원,정선군,강원 정선군 사북읍 사북리 344-56(강원 정선군 사북읍 사북중앙로 58-1)
933,가경2호,충북,청주시,"충북 청주시 흥덕구 개신동 696 매직타워 1층 110호(충북 청주시 흥덕구 복대로 19, 매직타워 1층 110호)"
934,갱고개,충북,충주시,충북 충주시 갱고개로 41(충북 충주시 교현동 173-11)
935,광혜원,충북,진천군,충북 진천군 광혜원면 광혜원리 503-7(충북 진천군 광혜원면 중리1길 7)
936,금왕,충북,음성군,충북 음성군 금왕군 무극리 629(충북 음성군 금왕읍 무극로 204-1)
937,금천광장,충북,청주시,"충북 청주시 상당구 용암동 411,412(충북 청주시 상당구 용암동 411,412)"
938,단양,충북,단양군,충북 단양군 단양읍 도전리 523(충북 단양군 단양읍 수변로 63)
939,대소,충북,음성군,충북 음성군 대소면 태생리 539-170(충북 음성군 대소면 대동로 865)
940,명동,충북,제천시,충북 제천시 명동 198번지(충북 제천시 용두천로5길 10)
941,보은,충북,보은군,충북 보은군 보은읍 삼산리 153-2(충북 보은군 보은읍 보은로 137)
942,복대1호,충북,청주시,충북 청주시 흥덕구 복대동 865-4(충북 청주시 흥덕구 성봉로 319-1)
943,봉명1호,충북,청주시,충북 청주시 흥덕구 봉명동 2813(충북 청주시 흥덕구 월명로 178)
944,봉방문화교현,충북,충주시,충북 충주시 교현동 624-6(충북 충주시 국원대로 83)
945,분평,충북,청주시,충북 청주시 서원구 분평동 1234(충북 청주시 서원구 청남로 1992)
946,사직1호,충북,청주시,충북 청주시 흥덕구 사직2동 595-12(충북 청주시 흥덕구 호국로 71)
947,산남성화,충북,청주시,"충북 청주시 흥덕구 성화동 886번지 101호(충북 청주시 흥덕구 구룡산로51번가길 10, 101호)"
948,성내용산,충북,충주시,충북 충주시 용산동 598(충북 충주시 형설로 110)
949,수곡,충북,청주시,충북 청주시 수곡동 896(충북 청주시 서원구 구룡산로 245)
950,신백,충북,제천시,충북 제천시 신백동 214-7(충북 제천시 의병대로 36길 29)
951,연수,충북,충주시,충북 충주시 연수동 1610(충북 충주시 갱고개로 154-1)
952,오송,충북,청주시,충북 청주시 흥덕구 오송읍 호송읍 만수리 521(충북 청주시 흥덕구 오송읍 오송생명로 200)
953,계룡대,충남,계룡시,충남 계룡시 엄사면 엄사리 253-2(충남 계룡시 엄사면 번영로 68)
954,권곡,충남,아산시,충남 아산시 권곡동 549-26(충남 아산시 번영로 182)
955,금산,충남,금산군,충남 금산군 금산읍 상리 47-10(충남 금산군 금산읍 금산로 1503-2)
956,기지시,충남,당진시,충남 당진시 반촌리 861-20(충남 당진시 송악읍 반촌로 140-39)
957,내포1호,충남,홍성군,충남 홍성군 홍북면 신경리 1181번지 승우빌딩 107호(충남 홍성군 홍북면 청사로 36 승우빌딩 107호)
958,대산,충남,서산시,충남 서산시 대산읍 산리 129-5(충남 서산시 대산읍 구진로 27)
959,동대,충남,보령시,충남 보령시 동대동 1766(충남 보령시 작은오랏5길 9)
960,동문,충남,서산시,충남 서산시 동문동 406-2(충남 서산시 안견로 153-3)
961,두정,충남,천안시,충남 천안시 서북구 성정2동 1211(충남 천안시 서북구 성정중7길 18)
962,목천,충남,천안시,충남 천안시 동남구 목천읍 신계리 134-18(충남 천안시 동남구 목천읍 충절로 890)
963,배미,충남,아산시,충남 아산시 배미동 239-17(충남 아산시 서부북로 1006)
964,배방1호,충남,아산시,충남 아산시 배방읍 공수리 89-28(충남 아산시 배방읍 모산로 153-1)
965,백석,충남,천안시,"충남 천안시 서북구 백석동 910번지 주공아파트상가 103호(충남 천안시 서북구 백석3로 70, 주공그린빌11단지3차아파트 상가 103호)"
966,병천,충남,천안시,충남 천안시 동남구 병천면 병천리 156-5(충남 천안시 동남구 병천면 병천2로 3)
967,복운,충남,당진시,충남 당진시 송악면 복운리 1642-11(충남 당진시 송악읍 신복운로 171)
968,봉명다가,충남,천안시,충남 천안시 봉명동 31-1(충남 천안시 동남구 봉정로 14-2)
969,부여,충남,부여군,충남 부여군 부여읍 관북리 133-5(충남 부여군 부여읍 석탑로 76-1)
970,불당,충남,천안시,충남 천안시 서북구 불당동 1630(충남 천안시 서북구 불당33길 40)
971,서산테크노,충남,서산시,충남 서산시 오사리 1666(충남 서산시 성연면 성연3로 111)
972,서천,충남,서천군,충남 서천군 군사리 718-11(충남 서천군 서천로 127)
973,계룡대,충남,계룡시,충남 계룡시 엄사면 엄사리 253-2(충남 계룡시 엄사면 번영로 68)
974,신관,충남,공주시,충남 공주시 신관동 24-25(충남 공주시 번영1로 138)
975,옥룡,충남,공주시,충남 공주시 옥룡동 308-1(충남 공주시 무령로 301)
976,금산,충남,금산군,충남 금산군 금산읍 상리 47-10(충남 금산군 금산읍 금산로 1503-2)
977,취암,충남,논산시,충남 논산시 내동 628(충남 논산시 중앙로 214)
978,기지시,충남,당진시,충남 당진시 반촌리 861-20(충남 당진시 송악읍 반촌로 140-39)
979,복운,충남,당진시,충남 당진시 송악면 복운리 1642-11(충남 당진시 송악읍 신복운로 171)
980,신평,충남,당진시,"충남 당진시 신평면 거산리 13-4번지 1층(충남 당진시 신평면 거산3거리길 46, 1층)"
981,읍내,충남,당진시,충남 당진시 읍내동 850(충남 당진시 무수동로 196(읍내동))
982,채운,충남,당진시,충남 당진시 읍내동 1541(충남 당진시 우두로 23)
983,합덕,충남,당진시,충남 당진시 합덕읍 운산리 266-2(충남 당진시 합덕읍 합우로 136)
984,동대,충남,보령시,충남 보령시 동대동 1766(충남 보령시 작은오랏5길 9)
985,부여,충남,부여군,충남 부여군 부여읍 관북리 133-5(충남 부여군 부여읍 석탑로 76-1)
986,대산,충남,서산시,충남 서산시 대산읍 산리 129-5(충남 서산시 대산읍 구진로 27)
987,동문,충남,서산시,충남 서산시 동문동 406-2(충남 서산시 안견로 153-3)
988,서산테크노,충남,서산시,충남 서산시 오사리 1666(충남 서산시 성연면 성연3로 111)
989,석림,충남,서산시,충남 서산시 동문동 999-6(충남 서산시 안견로 265)
990,읍내,충남,서산시,충남 서산시 읍내동 276-5(충남 서산시 문화로 19)
991,서천,충남,서천군,충남 서천군 군사리 718-11(충남 서천군 서천로 127)
992,권곡,충남,아산시,충남 아산시 권곡동 549-26(충남 아산시 번영로 182)
993,배미,충남,아산시,충남 아산시 배미동 239-17(충남 아산시 서부북로 1006)
994,배방1호,충남,아산시,충남 아산시 배방읍 공수리 89-28(충남 아산시 배방읍 모산로 153-1)
995,온천,충남,아산시,충남 아산시 온천동 1310(충남 아산시 아산로 70)
996,용화,충남,아산시,충남 아산시 용화동 714(충남 아산시 온중로 5)
997,고창,전북,고창군,전북 고창군 고창읍 교촌리 506(전북 고창군 고창읍 중앙로 309)
998,구암조촌,전북,군산시,전북 군산시 조촌동 2-21(전북 군산시 궁포1로 24-5 106호)
999,군산대,전북,군산시,전북 군산시 미룡동 867-2(전북 군산시 미제1길 12)
1000,김제,전북,김제시,전북 김제시 신풍동 594-4번지(전북 김제시 도작8길 38)
1001,나운1호,전북,군산시,전북 군산시 나운동 834-7(전북 군산시 나운로 82)
1002,남원,전북,남원시,전북 남원시 도통동 387-12(전북 남원시 시청로 25)
1003,동산,전북,익산시,전북 익산시 마동 344-5(전북 익산시 서동로 95)
1004,동산조촌,전북,전주시,전북 전주시 덕진구 반월동 230-6(전북 전주시 덕진구 혁신로 718)
1005,모현,전북,익산시,전북 익산시 모현동1가 857(전북 익산시 배산로 165-5)
1006,무주,전북,무주군,전북 무주군 무주읍 읍내리 962(전북 무주군 무주읍 주계로 67-1)
1007,무주구천,전북,무주군,전북 무주군 설천면 삼공리 364-4(전북 무주군 설천면 구천동로 852)
1008,미장수송,전북,군산시,전북 군산시 수송동 836-8(전북 군산시 수송동 동수송4길 8)
1009,봉동,전북,완주군,"전북 완주군 봉동읍 둔산리 907-5  101호(전북 완주군 봉동읍 완주산단8로 13, 101호)"
1010,부송,전북,익산시,전북 익산시 부송동 710-5(전북 익산시 하나로 0길 84)
1011,부안,전북,부안군,전북 부안군 부안읍 봉덕리 826-1(전북 부안군 부안읍 학동길 22-1)
1012,삼례우석대,전북,완주군,전북 완주군 삼례읍 후정리 13-8(전북 완주군 삼례읍 삼례로 430)
1013,삼천1호,전북,전주시,전북 전주시 완산구 삼천동1가 621(전북 전주시 완산구 용리로 124)
1014,상동,전북,정읍시,전북 정읍시 장명동 169-10(전북 정읍시 관통로 20-1)
1015,서곡효자,전북,전주시,전북 전주시 완산구 효자동3가 1609-16(전북 전주시 완산구 홍산로 375 104호)
1016,서신,전북,전주시,전북 전주시 완산구 서신동 938-5(전라북도 전주시 완산구 고사평4길 7)
1017,고창,전북,고창군,전북 고창군 고창읍 교촌리 506(전북 고창군 고창읍 중앙로 309)
1018,구암조촌,전북,군산시,전북 군산시 조촌동 2-21(전북 군산시 궁포1로 24-5 106호)
1019,군산대,전북,군산시,전북 군산시 미룡동 867-2(전북 군산시 미제1길 12)
1020,나운1호,전북,군산시,전북 군산시 나운동 834-7(전북 군산시 나운로 82)
1021,미장수송,전북,군산시,전북 군산시 수송동 836-8(전북 군산시 수송동 동수송4길 8)
1022,소룡산북,전북,군산시,전북 군산시 소룡동 1545-5번지(전북 군산시 칠성안2길 94-3)
1023,지곡,전북,군산시,전북 군산시 지곡동 495-1(전북 군산시 백토로 231)
1024,김제,전북,김제시,전북 김제시 신풍동 594-4번지(전북 김제시 도작8길 38)
1025,남원,전북,남원시,전북 남원시 도통동 387-12(전북 남원시 시청로 25)
1026,무주,전북,무주군,전북 무주군 무주읍 읍내리 962(전북 무주군 무주읍 주계로 67-1)
1027,무주구천,전북,무주군,전북 무주군 설천면 삼공리 364-4(전북 무주군 설천면 구천동로 852)
1028,부안,전북,부안군,전북 부안군 부안읍 봉덕리 826-1(전북 부안군 부안읍 학동길 22-1)
1029,순창,전북,순창군,전북 순창군 순창읍 순화리 282-6(전북 순창군 순창읍 경천로 57)
1030,봉동,전북,완주군,"전북 완주군 봉동읍 둔산리 907-5  101호(전북 완주군 봉동읍 완주산단8로 13, 101호)"
1031,삼례우석대,전북,완주군,전북 완주군 삼례읍 후정리 13-8(전북 완주군 삼례읍 삼례로 430)
1032,동산,전북,익산시,전북 익산시 마동 344-5(전북 익산시 서동로 95)
1033,모현,전북,익산시,전북 익산시 모현동1가 857(전북 익산시 배산로 165-5)
1034,부송,전북,익산시,전북 익산시 부송동 710-5(전북 익산시 하나로 0길 84)
1035,영등1호,전북,익산시,전북 익산시 영등동 766-1(전북 익산시 고봉로 274)
1036,영등2호,전북,익산시,전북 익산시 영등동 843-5(전북 익산시 무왕로 15길 15)
1037,원광대,전북,익산시,"전북 익산시 신동 764-4 시즈퍼스트 상가112호, 113호(전북 익산시 익산대로68길 51 (시즈퍼스트 상가112호, 113호))"
1038,임실,전북,임실군,전북 임실군 임실읍 이도리 294(전북 임실군 임실읍 감천로 20)
1039,강진,전남,강진군,전남 강진군 강진읍 남성리 5-4(전남 강진군 강진읍 영랑로3길 7)
1040,국동,전남,여수시,전남 여수시 신월동 96-1(전남 여수시 신월로 570)
1041,금당1호,전남,순천시,전남 순천시 조례동 1612번지 1-4호(전남 순천시 장선배기길 77  1-4호)
1042,나주,전남,나주시,전남 나주시 대호동 1040-7(전남 나주시 대호길 49-1)
1043,남부,전남,순천시,전남 순천시 풍덕동 1265-5(전남 순천시 장평로 50)
1044,남악,전남,무안군,전남 무안군 삼향읍 남악리 1577 골든스위트 125호(전남 무안군 삼향읍 남악4로 50)
1045,담양,전남,담양군,전남 담양군 담양읍 백동리 247-7(전남 담양군 담양읍 죽향대로 1204)
1046,둔덕,전남,여수시,전남 여수시 둔덕동 434-7(전남 여수시 쌍봉로 361)
1047,무안읍,전남,무안군,전남 무안군 무안읍 성남리 813-45(전남 무안군 무안읍 면성1길 129)
1048,문수,전남,여수시,전남 여수시 문수동 124-1(전남 여수시 문수로 64)
1049,보성,전남,보성군,전남 보성군 보성읍 보성리 831-19(전남 보성군 보성읍 중앙로 101)
1050,빛가람1호,전남,나주시,전남 나주시 빛가람동 190-3(전남 나주시 상야1길 20)
1051,삼학,전남,목포시,전남 목포시 산정동 1386-8(전남 목포시 남해로 61)
1052,삼호,전남,영암군,전남 영암군 삼호읍 용앙리 481(전남 영암군 삼호읍 대불주거로 118)
1053,상동석현,전남,목포시,전남 목포시 석현동 1173-2(전남 목포시 옥암로 182 경현빌딩 1층)
1054,순천대점,전남,순천시,전남 순천시 석현동 80-5(전남 순천시 순천대2길 30)
1055,신기,전남,여수시,전남 여수시 신기동 117-7(전남 여수시 망마로 81)
1056,신대,전남,순천시,전남 순천시 해룡면 신대리 2019-4(전남 순천시 해룡면 매안3길 27 1층)
1057,안산,전남,여수시,전남 여수시 안산동 470-2(전남 여수시 도원로 144)
1058,여서,전남,여수시,전남 여수시 여서동 240-8(전남 여수시 여문1로 30)
1059,강진,전남,강진군,전남 강진군 강진읍 남성리 5-4(전남 강진군 강진읍 영랑로3길 7)
1060,가흥,경북,영주시,경북 영주시 가흥동 1881(경북 영주시 대학로 187번길 4-1)
1061,경북도청,경북,안동시,경북 안동시 풍천면 갈전리 1325(경북 안동시 풍천면 풍요4길 36-7)
1062,경산,경북,경산시,경북 경산시 옥산동 758-10(1층)(경북 경산시 성암로21길 3-1)
1063,경산오거리,경북,경산시,경북 경산시 중방동 880-23(경북 경산시 원효로 4)
1064,계양사동,경북,경산시,경북 경산시 사동 663-6(경북 경산시 백양로33길 13)
1065,구룡포,경북,포항시,경북 포항시 남구 구룡포읍 구룡포1리 742(경북 포항시 남구 구룡포읍 구룡포1리 742)
1066,금곡,경북,안동시,경북 안동시 당북동 311-8(경북 안동시 제비원로 135-1)
1067,김천,경북,김천시,"경북 김천시 신음동 1301-4(경북 김천시 신음새동네길 82, 가동)"
1068,김천혁신,경북,김천시,경북 김천시 율곡동 364(경북 김천시 혁신4로 5)
1069,남부,경북,포항시,경북 포항시 남구 대도동 124-13(경북 포항시 남구 문예로 84)
1070,대해중앙,경북,포항시,경북 포항시 남구 대도동 97-4(경북 포항시 남구 상공로 156)
1071,도량,경북,구미시,경북 구미시 도량동 262-1(경북 구미시 송동로 66)
1072,동천,경북,경주시,경북 경주시 동천동 791(경북 경주시 백률로 28-2)
1073,봉곡,경북,구미시,경북 구미시 봉곡동 302-4(경북 구미시 봉곡남로 87-1)
1074,부곡,경북,김천시,경북 김천시 부곡동 426-1(경북 김천시 김천로 10)
1075,북삼,경북,칠곡군,경북 칠곡군 북삼읍 인평리 246-3(경북 칠곡군 북삼읍 금오대로 233)
1076,상모,경북,구미시,경북 구미시 상모동 42-7(경북 구미시 상사서로 92)
1077,상주,경북,상주시,경북 상주시 무양동 213-3(경북 상주시 상산로 347-2(무양동))
1078,석적,경북,칠곡군,경북 칠곡군 석적읍 중리 203-5(경북 칠곡군 석적읍 북중리 12길 2)
1079,선산,경북,구미시,경북 구미시 선산읍 동부리 416(경북 구미시 선산읍 선산중앙로 98-1)
1080,경산,경북,경산시,경북 경산시 옥산동 758-10(1층)(경북 경산시 성암로21길 3-1)
1081,경산오거리,경북,경산시,경북 경산시 중방동 880-23(경북 경산시 원효로 4)
1082,계양사동,경북,경산시,경북 경산시 사동 663-6(경북 경산시 백양로33길 13)
1083,영대,경북,경산시,경북 경산시 압량면 신대리 497(경북 경산시 압량면 압독2로 22)
1084,진량,경북,경산시,경북 경산시 진량읍 봉회리 81-3(경북 경산시 진량읍 봉황길 41)
1085,하양,경북,경산시,경북 경산시 하양읍 금락리 130-18(경북 경산시 하양읍 하양로 21)
1086,동천,경북,경주시,경북 경주시 동천동 791(경북 경주시 백률로 28-2)
1087,성건중앙,경북,경주시,경북 경주시 성건동 625-13(경북 경주시 공영주택길 6-1(성건동))
1088,안강,경북,경주시,경북 경주시 안강읍 산대리 2400-2(경북 경주시 안강읍 구부랑길 43-1)
1089,충효,경북,경주시,경북 경주시 충효동 3002-1(경북 경주시 충효중앙길 27)
1090,황성,경북,경주시,경북 경주시 황성동 893-3(경북 경주시 용담로116번길 7)
1091,가호,경남,진주시,경남 진주시 가좌동 1431-2(경남 진주시 가좌길84번길 4)
1092,감계,경남,창원시,경남 창원시 의창구 북면 감계리 246-4(경남 창원시 의창구 북면 감계로 110번길 47-1)
1093,거창1호,경남,거창군,경남 거창군 거창읍 대동리 697-5(경남 거창군 거창읍 거열로 197)
1094,경화,경남,창원시,"경남 창원시 진해시 경화동 1199-2(대풍빌라201)(경남 창원시 진해구 진해대로 642, 대풍빌라 201호)"
1095,고성,경남,고성군,경남 고성군 고성읍 동외리 345-7(경남 고성군 고성읍 동외로 130-1)
1096,고현상동,경남,거제시,경남 거제시 고현동 406-18(경남 거제시 거제중앙로 1804)
1097,구산,경남,김해시,경남 김해시 구산동 275-8(경남 김해시 구산로 44)
1098,금산,경남,진주시,경남 진주시 금산면 장사리 1022-1(경남 진주시 금산면 금산순환로 42-1)
1099,남양,경남,창원시,경남 창원시 성산구 가음동 7-2 더원빌딩 104호(경남 창원시 성산구 가음정로43번길 3  더원빌딩 104호)
1100,남지,경남,창녕군,경남 창녕군 남지읍 남지리 994-7(경남 창녕군 남지읍 남지중앙로 102-1)
1101,남해,경남,남해군,경남 남해군 남해읍 서변리 160-11(경남 남해군 남해읍 화전로 54)
1102,내동,경남,김해시,경남 김해시 내동 138-1(경남 김해시 평전로 181)
1103,내서삼계,경남,창원시,경남 창원시 마산회원구 삼계리 35-14(경남 창원시 마산회원구 내서읍 삼풍로 61)
1104,내일동,경남,밀양시,경남 밀양시 내이동 1566-6(경남 밀양시 백민로 76-1)
1105,대방,경남,창원시,경남 창원시 성산구 성주동 100(경남 창원시 성산구 대암로 247)
1106,대원,경남,창원시,경남 창원시 이창구 대원동 96-1(경남 창원시 의창구 두대로 55번길 10)
1107,대청,경남,김해시,경남 김해시 대청동 61-1(경남 김해시 대청로 210번길 24)
1108,덕계,경남,양산시,경남 양산시 덕계동 750(경남 양산시 덕계로 51)
1109,도계명서,경남,창원시,경남 창원시 의창구 도계동 396-9(경남 창원시 의창구 도계로 79)
1110,동금,경남,사천시,경남 사천시 동금동 58-4(경남 사천시 남일로 43-1)
1111,고현상동,경남,거제시,경남 거제시 고현동 406-18(경남 거제시 거제중앙로 1804)
1112,아주,경남,거제시,경남 거제시 아주동 1178-2(경남 거제시 아주로 68)
1113,옥포,경남,거제시,경남 거제시 옥포동 160-1(경남 거제시 옥포로 6길 11)
1114,장평,경남,거제시,경남 거제시 장평동 274(경남 거제시 장평3로 3길 8)
1115,중곡수월,경남,거제시,경남 거제시 고현동 997(경남 거제시 중곡2로 6길 15)
1116,거창1호,경남,거창군,경남 거창군 거창읍 대동리 697-5(경남 거창군 거창읍 거열로 197)
1117,고성,경남,고성군,경남 고성군 고성읍 동외리 345-7(경남 고성군 고성읍 동외로 130-1)
1118,구산,경남,김해시,경남 김해시 구산동 275-8(경남 김해시 구산로 44)
1119,내동,경남,김해시,경남 김해시 내동 138-1(경남 김해시 평전로 181)
1120,대청,경남,김해시,경남 김해시 대청동 61-1(경남 김해시 대청로 210번길 24)
1121,부원봉황,경남,김해시,경남 김해시 부원동 603-2(경남 김해시 가락로23번길 7)
1122,삼계1호,경남,김해시,경남 김해시 삼계동 1479-4(경남 김해시 해반천로 144번길 35-10)
1123,삼방,경남,김해시,경남 김해시 삼방동 691-2 한일상가 108호(경남 김해시 삼안로 244)
1124,삼정,경남,김해시,경남 김해시 삼정동 590-1(경남 김해시 활천로36번길 14)
1125,어방,경남,김해시,경남 김해시 어방동 523-2(경남 김해시 인제로 170번길 9-25)
1126,외동,경남,김해시,경남 김해시 외동 1187-12(경남 김해시 함박로 47)
1127,율하,경남,김해시,경남 김해시 관동동 1064-6(경남 김해시 율하2로 3-1)
1128,장유1호,경남,김해시,경남 김해시 내덕동 220-1 101호(경남 김해시 금관대로599번길 14-6)
1129,지내안동,경남,김해시,경남 김해시 지내동 67-1(경남 김해시 김해대로 2725번길 50)
1130,진영,경남,김해시,경남 김해시 진영읍 진영리 1629-2(경남 김해시 진영읍 장등로 10번길 12)
1131,남해,경남,남해군,경남 남해군 남해읍 서변리 160-11(경남 남해군 남해읍 화전로 54)
1132,내일동,경남,밀양시,경남 밀양시 내이동 1566-6(경남 밀양시 백민로 76-1)
1133,삼문상남,경남,밀양시,경남 밀양시 삼문동 717-11(경남 밀양시 미리벌중앙로 56)
1134,동금,경남,사천시,경남 사천시 동금동 58-4(경남 사천시 남일로 43-1)
1135,벌용,경남,사천시,경남 사천시 벌리동 255-9(경남 사천시 벌리9길 35)
1136,사남,경남,사천시,경남 사천시 사남면 월성리 64-3(경남 사천시 사남면 월성1길 100  103호)
1137,사천,경남,사천시,경남 사천시 사천읍 수석리 293-23(경남 사천시 사천읍 진삼로 1433-2)
1138,산청,경남,산청군,경남 산청군 산청읍 옥산리 249(경남 산청군 산청읍 웅석봉로 68번길 8)
1139,덕계,경남,양산시,경남 양산시 덕계동 750(경남 양산시 덕계로 51)
1140,물금,경남,양산시,경남 양산시 물금읍 범어리 2682-10(경남 양산시 물금읍 화합9길 9)
1141,삼성,경남,양산시,경남 양산시 북정동 885-12(경남 양산시 북정로 25)
1142,상북,경남,양산시,경남 양산시 상북면 석계리 242-1(경남 양산시 상북면 반회서5길 11)
1143,서창1호,경남,양산시,경남 양산시 삼호동 707-2(경남 양산시 삼호로 180)
1144,석산,경남,양산시,경남 양산시 동면 금산리 1422-14(경남 양산시 동면 금오2길 50)
1145,중앙,경남,양산시,경남 양산시 중부동 684-6(경남 양산시 양주2길 37 1층)
1146,증산,경남,양산시,경남 양산시 물금읍 가촌리 1269-3(경남 양산시 물금읍 물금로 182)
1147,통도사,경남,양산시,경남 양산시 하북면 순지리 814-5(경남 양산시 하북면 통도사로 54)
1148,건입,제주,제주시,제주 제주시 일도2동 160-9(제주 제주시 고마로 29)
1149,노형,제주,제주시,제주 제주시 노형동 1055-1(제주 제주시 월랑로 35)
1150,대정,제주,서귀포시,제주 서귀포시 대정읍 하모리 1048-4(제주 서귀포시 대정읍 신영로 73)
1151,도두해안도로,제주,제주시,제주 제주시 도두1동 2625-4(제주 제주시 서해안로 160-1 1층)
1152,삼양화북,제주,제주시,제주 제주시 화북1동 1023-2(제주 제주시 화삼북로2길 32)
1153,서귀포1호,제주,서귀포시,제주 서귀포시 동흥동 117-6(제주 서귀포시 일주동로 8584)
1154,서귀포명동,제주,서귀포시,제주 서귀포시 서귀동 408-3(제주 서귀포시 명동로 29(서귀동))
1155,서귀포혁신도시,제주,서귀포시,제주 서귀포시 강정동 166-10(제주 서귀포시 신서귀로97길 55)
1156,성산일출봉,제주,서귀포시,제주 서귀포시 성산읍 성산리 362-1(제주 서귀포시 성산읍 성산등용로 78)
1157,아라이도,제주,제주시,제주 제주시 이도2동 1970-24(제주 제주시 승천로 51)
1158,애월하귀,제주,제주시,제주 제주시 애월읍 하귀1리 167(제주 제주시 애월읍 하귀9길 45)
1159,용담삼도,제주,제주시,제주 제주시 용담2동 624-10 1층(제주 제주시 용화로 63)
1160,이도일도,제주,제주시,제주 제주시 이도이동 1179-18(제주 제주시 광양 13길 3)
1161,제주1호,제주,제주시,제주 제주시  연동 272-30(제주 제주시 삼무로 50)
1162,중문,제주,서귀포시,제주 서귀포시 중문동 1965-9(제주 서귀포시 천제연로 215)
1163,탑동,제주,제주시,제주 제주시 삼도이동 1192-22(제주 제주시 탑동로 21)
1164,한림협재,제주,제주시,제주 제주시 한림읍 한림리 1582-8(제주 제주시 한림읍 한림중앙로 47)
1165,함덕,제주,제주시,제주 제주시 조천읍 함덕리 1004-41(제주 제주시 조함해안로 510)
1166,대정,제주,서귀포시,제주 서귀포시 대정읍 하모리 1048-4(제주 서귀포시 대정읍 신영로 73)
1167,서귀포1호,제주,서귀포시,제주 서귀포시 동흥동 117-6(제주 서귀포시 일주동로 8584)
1168,서귀포명동,제주,서귀포시,제주 서귀포시 서귀동 408-3(제주 서귀포시 명동로 29(서귀동))
1169,서귀포혁신도시,제주,서귀포시,제주 서귀포시 강정동 166-10(제주 서귀포시 신서귀로97길 55)
1170,성산일출봉,제주,서귀포시,제주 서귀포시 성산읍 성산리 362-1(제주 서귀포시 성산읍 성산등용로 78)
1171,중문,제주,서귀포시,제주 서귀포시 중문동 1965-9(제주 서귀포시 천제연로 215)
1172,건입,제주,제주시,제주 제주시 일도2동 160-9(제주 제주시 고마로 29)
1173,노형,제주,제주시,제주 제주시 노형동 1055-1(제주 제주시 월랑로 35)
1174,도두해안도로,제주,제주시,제주 제주시 도두1동 2625-4(제주 제주시 서해안로 160-1 1층)
1175,삼양화북,제주,제주시,제주 제주시 화북1동 1023-2(제주 제주시 화삼북로2길 32)
1176,아라이도,제주,제주시,제주 제주시 이도2동 1970-24(제주 제주시 승천로 51)
1177,애월하귀,제주,제주시,제주 제주시 애월읍 하귀1리 167(제주 제주시 애월읍 하귀9길 45)
1178,용담삼도,제주,제주시,제주 제주시 용담2동 624-10 1층(제주 제주시 용화로 63)
1179,이도일도,제주,제주시,제주 제주시 이도이동 1179-18(제주 제주시 광양 13길 3)
1180,제주1호,제주,제주시,제주 제주시  연동 272-30(제주 제주시 삼무로 50)
1181,탑동,제주,제주시,제주 제주시 삼도이동 1192-22(제주 제주시 탑동로 21)
1182,한림협재,제주,제주시,제주 제주시 한림읍 한림리 1582-8(제주 제주시 한림읍 한림중앙로 47)
1183,함덕,제주,제주시,제주 제주시 조천읍 함덕리 1004-41(제주 제주시 조함해안로 510)
