index,store,sido,gungu,store_address
0,개포1호,서울특별시,강남구,서울 강남구 개포동 1229-18
1,논현1호,서울특별시,강남구,서울 강남구 논현동 184-21
2,대치1호,서울특별시,강남구,서울 강남구 대치동936
3,대치2호,서울특별시,강남구,서울 강남구 대치동 990번지 삼성상가 113호 1/2
4,삼성1호,서울특별시,강남구,서울 강남구 삼성동 44-18
5,세곡,서울특별시,강남구,서울 강남구 자곡동 611
6,압구정신사,서울특별시,강남구,서울 강남구 신사동 640-5 대성빌딩 1층 1호
7,역삼1호,서울특별시,강남구,서울 강남구 역삼동 837-15
8,일원본동,서울특별시,강남구,서울 강남구 수서동 747 삼성아파트 상가 104호
9,청담역,서울특별시,강남구,서울 강남구 청담동 65 진흥아파트상가
10,강일,서울특별시,강동구,서울 강동구 강일동 679-3 리슈빌오피스텔
11,고덕1호,서울특별시,강동구,서울 강동구 고덕동 650-1
12,길1호,서울특별시,강동구,서울 강동구 길동 347-31
13,명일1호,서울특별시,강동구,서울 강동구 명일동 328-2
14,성내,서울특별시,강동구,서울 강동구 성내2동 509-7 1층
15,암사1호,서울특별시,강동구,서울 강동구 천호동 287-22
16,암사2호,서울특별시,강동구,서울 강동구 암사동 446-18
17,천호1호,서울특별시,강동구,서울 강동구 천호동 550번지
18,덕성여대,서울특별시,강북구,서울 강북구 우이동 72-148
19,미아1호,서울특별시,강북구,서울 강북구 미아5동 1264-233
20,미아역,서울특별시,강북구,서울 강북구 미아동 131-8
21,수유1호,서울특별시,강북구,서울 강북구 수유동 385-2
22,수유역점,서울특별시,강북구,서울 강북구 번동 461-127
23,가양,서울특별시,강서구,서울 강서구 등촌동 75-1
24,강서구청,서울특별시,강서구,서울 강서구 화곡6동 987-7
25,까치산역,서울특별시,강서구,서울 강서구 화곡동 343-62 라인씨티 1층
26,등촌,서울특별시,강서구,서울 강서구 등촌동 649-14
27,마곡1호,서울특별시,강서구,서울 강서구 강서로 마곡동 784-11 마곡오드카운티1차 111호
28,발산역,서울특별시,강서구,서울 강서구 내발산동 655-6번지 1층 13호
29,방화2호,서울특별시,강서구,서울 강서구 방화2동 580-27
30,염창,서울특별시,강서구,서울 강서구 염창동 250-16
31,화곡2호,서울특별시,강서구,서울 강서구 화곡동 400-45
32,봉천2호,서울특별시,관악구,서울 관악구 봉천동 1674-20
33,봉천3호,서울특별시,관악구,서울 관악구 봉천동 1632-9
34,봉천4호,서울특별시,관악구,서울 관악구 봉천동 931-12
35,봉천5호,서울특별시,관악구,서울 관악구 봉천3동 7-291
36,신림1호,서울특별시,관악구,서울 관악구 신림4동 504-22
37,신림2호,서울특별시,관악구,서울 관악구 신림동 762-7
38,신림3호,서울특별시,관악구,서울 관악구 신림9동 246-49
39,건대,서울특별시,광진구,서울 광진구 화양동 9-18
40,광장,서울특별시,광진구,서울 광진구 광장동 530-13
41,구의2호,서울특별시,광진구,서울 광진구 구의동 229-43
42,자양1호,서울특별시,광진구,서울 광진구 자양3동 584-28
43,자양2호,서울특별시,광진구,서울 광진구 자양동 624-42
44,중곡1호,서울특별시,광진구,서울 광진구 중곡동 41-37
45,중곡2호,서울특별시,광진구,서울 광진구 중곡동 24-2
46,개봉1호,서울특별시,구로구,서울 구로구 개봉동 403-159
47,고척1호,서울특별시,구로구,서울 구로구 개봉1동 126-4
48,구로2호,서울특별시,구로구,서울 구로구 구로동 74-30
49,구로디지털,서울특별시,구로구,서울 구로구 구로동 826-1
50,동양미래대학,서울특별시,구로구,서울 구로구 고척동 343
51,신도림1호,서울특별시,구로구,서울 구로구 신도림동 410-1 신도림6차대림@상가 902동111호
52,오류1호,서울특별시,구로구,서울 구로구 오류1동 10-3
53,천왕역,서울특별시,구로구,서울 구로구 오류동 203-1 1층
54,가산디지털,서울특별시,금천구,서울 금천구 가산동 371-6 가산비지니스센터 2층
55,독산1호,서울특별시,금천구,"서울 금천구 독산동 888-20 102호,103호"
56,시흥1호,서울특별시,금천구,서울 금천구 시흥2동 264-17
57,시흥2호,서울특별시,금천구,서울 금천구 시흥1동 905-5
58,공릉1호,서울특별시,노원구,서울 노원구 공릉동 338-6
59,공릉2호,서울특별시,노원구,서울 노원구 공릉동 461-1
60,상계4단지,서울특별시,노원구,서울 노원구 상계7동 749-5 상계주공@4단지상가101호
61,상계보람,서울특별시,노원구,서울 노원구 상계5동 456-130
62,석계역,서울특별시,노원구,서울 노원구 월계1동 73-13
63,수락산역,서울특별시,노원구,서울 노원구 상계동 1118
64,중계1호,서울특별시,노원구,서울 노원구 중계1동 360-9
65,중계2호,서울특별시,노원구,서울 노원구 중계동 137-39 정진빌라 1층
66,중계역,서울특별시,노원구,서울 노원구 중계2동 503
67,하계1호,서울특별시,노원구,서울 노원구 하계1동 251 청구상가 201동 101호
68,도봉동,서울특별시,도봉구,서울 도봉구 도봉2동 623-163
69,쌍문1호,서울특별시,도봉구,서울 도봉구 방학1동 263-75
70,쌍문역,서울특별시,도봉구,서울 도봉구 쌍문3동 88-127
71,창3동,서울특별시,도봉구,서울 도봉구 창동 568-2
72,창동,서울특별시,도봉구,서울 도봉구 창5동 296-37
73,경희대,서울특별시,동대문구,서울 동대문구 회기동 42-16
74,답십리1호,서울특별시,동대문구,서울 동대문구 답십리동 257-3
75,서울시립대,서울특별시,동대문구,서울 동대문구 전농1동 141-141
76,신이문,서울특별시,동대문구,서울 동대문구 이문3동 237-114
77,안암,서울특별시,동대문구,서울 동대문구 제기동 142-8
78,장안1호,서울특별시,동대문구,서울 동대문구 전농3동 1-171
79,장안2호,서울특별시,동대문구,서울 동대문구 장안동 338-6 1층
80,청량리역,서울특별시,동대문구,서울 동대문구 청량리동 50-3
81,대방1호,서울특별시,동작구,서울 동작구 대방동 20-25 한스빌 105호
82,사당1호,서울특별시,동작구,서울 동작구 사당3동 155-2 1F
83,사당3호,서울특별시,동작구,서울 동작구 사당동 220-119
84,상도터널,서울특별시,동작구,서울 동작구 상도1동 587
85,신대방,서울특별시,동작구,서울 동작구 신대방동 607-28
86,신대방삼거리,서울특별시,동작구,서울 동작구 대방동 407-46
87,흑석1호,서울특별시,동작구,서울 동작구 흑석동 180-6
88,도화,서울특별시,마포구,"서울 마포구 도화동 179-8 1,2층"
89,망원2동,서울특별시,마포구,서울 마포구 망원2동 474-15
90,상암,서울특별시,마포구,서울 마포구 상암동 34-45
91,성산2동,서울특별시,마포구,서울 마포구 성산동 592
92,신공덕,서울특별시,마포구,서울 마포구 신공덕동 159(신공덕 래미안상가 1동109호)
93,신수,서울특별시,마포구,서울 마포구 신수동 451번지 세양청마루아파트 상가 101호
94,아현,서울특별시,마포구,서울 마포구 아현동 774 마포래미안 푸르지오 101동 상가 114호
95,연남,서울특별시,마포구,서울 마포구 연남동 369-20
96,홍대,서울특별시,마포구,서울 마포구 서교동 371-3
97,독립문,서울특별시,서대문구,서울 서대문구 냉천동 228
98,명지대,서울특별시,서대문구,서울 서대문구 남가좌동 344-7
99,북가좌1호,서울특별시,서대문구,서울 서대문구 응암로 11
100,북아현1호,서울특별시,서대문구,서울 서대문구 북아현동 1006
101,신촌,서울특별시,서대문구,서울 서대문구 창천동 41-14
102,연희1호,서울특별시,서대문구,서울 서대문구 연희3동 344-26
103,홍은1호,서울특별시,서대문구,서울 서대문구 홍제동 279-52
104,홍은사거리,서울특별시,서대문구,서울 서대문구 홍제동 326-20
105,반포1호,서울특별시,서초구,서울 서초구 반포동 1053 H동 26호
106,방배1호,서울특별시,서초구,서울 서초구 방배동 761-8
107,방배2호,서울특별시,서초구,서울 서초구 방배3동 918-4번지
108,서초1호,서울특별시,서초구,서울 서초구 서초동 1357-56
109,서초2호,서울특별시,서초구,서울 서초구 서초동 1669-15
110,서초3호,서울특별시,서초구,서울 서초구 서초동 1579-5
111,양재1호,서울특별시,서초구,서울 서초구 양재동 327-2
112,잠원1호,서울특별시,서초구,서울 서초구 잠원동 15-4
113,금호1호,서울특별시,성동구,서울 성동구 금호동1가 1801-3
114,성수1호,서울특별시,성동구,서울 성동구 성수동2가 235-1
115,성수역,서울특별시,성동구,서울 성동구 성수동2가 289-251
116,왕십리1호,서울특별시,성동구,서울 성동구 하왕십리2동 988-2 1층
117,왕십리도선,서울특별시,성동구,서울 성동구 홍익동 131-1
118,응봉,서울특별시,성동구,서울 성동구 응봉동 100 상가내 1층
119,동덕여대,서울특별시,성북구,서울 성북구 하월곡동 17-1
120,동소문,서울특별시,성북구,서울 성북구 동소문동 6가 227 1층
121,보문역,서울특별시,성북구,서울 성북구 보문동2가 40
122,석관장위,서울특별시,성북구,서울 성북구 장위2동 64-129
123,정릉1호,서울특별시,성북구,서울 성북구 정릉4동 285-4
124,정릉2호,서울특별시,성북구,서울 성북구 정릉동 175-24
125,가락2호,서울특별시,송파구,서울 송파구 가락동 75-7
126,거여가락1호,서울특별시,송파구,서울 송파구 가락동 180-9
127,마천1호,서울특별시,송파구,서울 송파구 거여동 32-6
128,문정법조,서울특별시,송파구,서울 송파구 문정동 620 송파푸르지오시티 B09호
129,방이2호,서울특별시,송파구,서울 송파구 방이동 59-1
130,방이역,서울특별시,송파구,서울 송파구 오금동 41-23 성암빌딩 1층
131,석촌,서울특별시,송파구,서울 송파구 석촌동 163-1
132,송파1호,서울특별시,송파구,서울 송파구 송파동 147
133,위례송파,서울특별시,송파구,"서울 송파구 장지동 894 위례아이파크 상가1동 103호, 104호"
134,잠실1호,서울특별시,송파구,서울 송파구 잠실본동 313-8
135,잠실2호,서울특별시,송파구,서울 송파구 신천동 11-4
136,장지,서울특별시,송파구,서울 송파구 문정동 102-1
137,풍납1호,서울특별시,송파구,서울 송파구 풍납2동 405번지
138,목동1호,서울특별시,양천구,서울 양천구 목동 797-3
139,목동2호,서울특별시,양천구,서울 양천구 목동 909-8 이화프라자 1층 101호
140,목동오거리,서울특별시,양천구,서울 양천구 목동 940 현대아이파크상가 102
141,신월2호,서울특별시,양천구,서울 양천구 신월7동 972-6
142,신정1호,서울특별시,양천구,서울 양천구 신정1동 1027-2
143,신트리,서울특별시,양천구,서울 양천구 신정동 1267 목동뉴프라자
144,오목교,서울특별시,양천구,서울 양천구 신정동 1296 아이파크 상가 1층
145,화곡1호,서울특별시,양천구,서울 양천구 신월동 23-17
146,당산1호,서울특별시,영등포구,서울 영등포구 영등포동8가 76-1 삼환@상가 112호
147,대림2호,서울특별시,영등포구,서울 영등포구 대림3동 783-6
148,문래,서울특별시,영등포구,서울 영등포구 문래동3가 77-58
149,신길1호,서울특별시,영등포구,서울 영등포구 신길동 296-14
150,신길2호,서울특별시,영등포구,서울 영등포구 신길7동 674
151,여의도,서울특별시,영등포구,서울 영등포구 여의도동 44-31
152,영등포1호,서울특별시,영등포구,서울 영등포구 도림동 76-24
153,동부이촌,서울특별시,용산구,서울 용산구 이촌1동 301-153 오성상가 103
154,보광,서울특별시,용산구,서울 용산구 보광동 217-13
155,용문,서울특별시,용산구,서울 용산구 용문동 28-26
156,후암,서울특별시,용산구,서울 용산구 후암동 244-59
157,구산역,서울특별시,은평구,서울 은평구 갈현2동 464-14
158,대조,서울특별시,은평구,서울 은평구 대조동 231 삼성타운 A 101호
159,불광1동,서울특별시,은평구,서울 은평구 불광동 554-1 라비앙프라자1층 101호
160,신사1동,서울특별시,은평구,서울 은평구 신사동 29-13
161,역촌1호,서울특별시,은평구,서울 은평구 역촌동 55-1
162,연신내,서울특별시,은평구,서울 은평구 불광동 484-72
163,은평뉴타운,서울특별시,은평구,서울 은평구 진관동 은평도시개발사업지구 9단지 914동 상가 103호
164,응암1동,서울특별시,은평구,서울 은평구 응암동 236-33
165,증산,서울특별시,은평구,서울 은평구 증산동 209-18
166,대학로,서울특별시,종로구,서울 종로구 명륜동4가 113-1
167,숭인,서울특별시,종로구,서울 종로구 숭인2동 183-13
168,동대문1호,서울특별시,중구,서울 중구 창신동 464-6
169,신당1호,서울특별시,중구,서울 중구 신당동 846
170,망우본동,서울특별시,중랑구,서울 중랑구 망우동 149-7
171,면목1호,서울특별시,중랑구,서울 중랑구 면목본동 72-43
172,면목2호,서울특별시,중랑구,서울 중랑구 면목2동 191-126
173,면목3호,서울특별시,중랑구,서울 중랑구 면목동 1096-16
174,묵동,서울특별시,중랑구,서울 중랑구 묵동 238-90
175,상봉1호,서울특별시,중랑구,서울 중랑구 상봉1동 268-34
176,신내1호,서울특별시,중랑구,서울 중랑구 신내1동 571-26 1층 상가
177,국제신도시,부산광역시,강서구,부산 강서구 명지동 3412-6
178,명지신도시,부산광역시,강서구,부산 강서구 명지동 3256-5
179,신호,부산광역시,강서구,부산 강서구 신호동 317-15
180,지사,부산광역시,강서구,부산 강서구 지사동 1191-5
181,구서1호,부산광역시,금정구,부산 금정구 구서2동 1024-1
182,남산1호,부산광역시,금정구,부산 금정구 남산동 99-6
183,부곡1호,부산광역시,금정구,부산 금정구 부곡동 23-15
184,부곡2호,부산광역시,금정구,부산 금정구 부곡1동 324-20
185,부산대,부산광역시,금정구,부산 금정구 금강로 장전동 418-13
186,서동1호,부산광역시,금정구,부산 금정구 서동 210-6
187,장전1호,부산광역시,금정구,부산 금정구 장전동 134-19
188,기장1호,부산광역시,기장군,부산 기장군 기장읍 동부리 150-18
189,정관1호,부산광역시,기장군,부산 기장군 정관면 매학리
190,정관2호,부산광역시,기장군,부산 기장군 모전리 747-7
191,감만,부산광역시,남구,부산 남구 감만1동 158-6
192,대연1호,부산광역시,남구,부산 남구 대연동 1013-8
193,대연2호,부산광역시,남구,부산 남구 대연동 52-7
194,메트로시티1호,부산광역시,남구,부산 남구 용호동 176-30
195,못골,부산광역시,남구,부산 남구 대연동 1543-33
196,문현2호,부산광역시,남구,부산 남구 문현1동 127-56
197,용호1호,부산광역시,남구,부산 남구 용호3동 495-46 1층
198,범일1호,부산광역시,동구,부산 동구 범일2동 833-2
199,수정1호,부산광역시,동구,부산 동구 수정동 295-3
200,초량,부산광역시,동구,부산 동구 초량2동 489-4
201,명륜,부산광역시,동래구,부산 동래구 명륜1동 673-9
202,명장1호,부산광역시,동래구,부산 동래구 명장동 26-24번지 국제아파트 상가 106호
203,복천,부산광역시,동래구,부산 동래구 복천동 476-1
204,사직1호,부산광역시,동래구,부산 동래구 사직동 137-5번지
205,사직2호,부산광역시,동래구,부산 동래구 사직동 89-16
206,안락2호,부산광역시,동래구,부산 동래구 안락동 670-13
207,온천1호,부산광역시,동래구,부산 동래구 온천동 210-5번지
208,온천2호,부산광역시,동래구,부산 동래구 온천3동 1448-1 명보아파트 상가 가동 101호
209,우방신세계,부산광역시,동래구,부산 동래구 안락동 471-41
210,가야,부산광역시,부산진구,부산 부산진구 가야동 478
211,개금1호,부산광역시,부산진구,부산 부산진구 개금동 2-1
212,개금2호,부산광역시,부산진구,부산 부산진구 개금1동 201-6
213,당감,부산광역시,부산진구,부산 부산진구 당감동 367-2
214,범천,부산광역시,부산진구,부산 부산진구 범천동 1278-11
215,서면,부산광역시,부산진구,부산 부산진구 부전동 266-24
216,양정,부산광역시,부산진구,부산 부산진구 양정동 310-6
217,연지,부산광역시,부산진구,부산 부산진구 동평로 299
218,초읍대공원,부산광역시,부산진구,부산 부산진구 초읍동 288-6
219,구포1호,부산광역시,북구,부산 북구 구포3동 1228-1
220,덕천2호,부산광역시,북구,부산 북구 덕천3동 781-2
221,만덕2호,부산광역시,북구,부산 북구 만덕3동 915-6
222,화명1호,부산광역시,북구,부산 북구 화명동 1417-15호 좌측
223,화명3호,부산광역시,북구,부산 북구 화명동 182-5(2층)
224,화명신도시,부산광역시,북구,부산 북구 화명동 2266-1
225,괘법,부산광역시,사상구,부산 사상구 괘법동 516-1
226,덕포,부산광역시,사상구,부산 사상구 덕포동 420-4
227,동서대,부산광역시,사상구,부산 사상구 주례동 55-176
228,모라,부산광역시,사상구,부산 사상구 모라동 1349-
229,신주례,부산광역시,사상구,부산 사상구 주례2동 3-17
230,엄궁,부산광역시,사상구,부산 사상구 엄궁동 40-94
231,학장,부산광역시,사상구,부산 사상구 학장동 579-9
232,괴정1호,부산광역시,사하구,부산 사하구 괴정동 487-24
233,다대1호,부산광역시,사하구,부산 사하구 다대2동 85-5
234,다대2호,부산광역시,사하구,부산 사하구 다대동 1014
235,당리괴정2호,부산광역시,사하구,부산 사하구 괴정동 577-42
236,신평1호,부산광역시,사하구,부산 사하구 신평동 71-15
237,장림,부산광역시,사하구,부산 사하구 장림동 590
238,하단1호,부산광역시,사하구,부산 사하구 하단2동 506-15
239,하단2호,부산광역시,사하구,부산 사하구 하단동 602-7
241,남부민,부산광역시,서구,부산 서구 남부민동 456-13
242,대신,부산광역시,서구,부산 서구 대영로 30
244,송도감천,부산광역시,서구,부산 서구 암남동 64-2 104호
246,아미부민,부산광역시,서구,부산 서구 부민동1가 11-3
248,광안2호,부산광역시,수영구,부산 수영구 광안동 168-3
249,망미1호,부산광역시,수영구,부산 수영구 망미동 431-11
250,민락,부산광역시,수영구,부산 수영구 민락동 165-15
251,수영,부산광역시,수영구,부산 수영구 수영동 503-23
252,거제법조,부산광역시,연제구,부산 연제구 거제동 986-5
253,시청,부산광역시,연제구,부산 연제구 거제3동 34-19
254,연산2호,부산광역시,연제구,부산 연제구 연산4동 578-1 삼익아파트 상가 101호
255,연산3호,부산광역시,연제구,부산 연제구 연산동 2133-48
256,대교남항,부산광역시,영도구,부산 영도구 남항동 2가 40
257,동삼,부산광역시,영도구,부산 영도구 동삼1동 331-9
258,봉래영선,부산광역시,영도구,"부산 영도구 영선동1가 69-2, 69-3"
259,청학,부산광역시,영도구,부산 영도구  청학동 13-14
260,영주대청,부산광역시,중구,부산 중구 대청동4가 82-13
261,반송,부산광역시,해운대구,부산 해운대구 반송2동 216-150
262,반여1호,부산광역시,해운대구,부산 해운대구 반여동 1628-5
263,송정,부산광역시,해운대구,부산 해운대구 송정동 227-7
264,우동1호,부산광역시,해운대구,부산 해운대구 우동 1090-13
265,재송1호,부산광역시,해운대구,부산 해운대구 재송2동 1149-13
266,재송2호,부산광역시,해운대구,부산 해운대구 재송동 1083-1
267,좌동1호,부산광역시,해운대구,부산 해운대구 좌동 970
268,좌동3호,부산광역시,해운대구,부산 해운대구 좌동 1450  주공3단지 상가 205
269,해운대역,부산광역시,해운대구,부산 해운대구 우동 639-4
270,계명,대구광역시,남구,대구시 남구 양지로 107
271,대명1호,대구광역시,남구,대구 남구 대명동 1098-4
272,봉덕,대구광역시,남구,대구 남구 봉덕동 687-32
273,앞산,대구광역시,남구,대구 남구 대명9동 332-16
274,이천대봉,대구광역시,남구,대구 남구 이천동 184-9
275,감삼성당,대구광역시,달서구,대구 달서구 감삼동 317-3
276,대곡,대구광역시,달서구,대구 달서구 도원동 1442-2 1층 107호
277,상인,대구광역시,달서구,대구 달서구 상인동 1555-1
278,성서,대구광역시,달서구,대구 달서구 신당동 1763-2
279,송현,대구광역시,달서구,대구 달서구 송현1동 207-2
280,신월성,대구광역시,달서구,대구 달서구 월성동 1264번지 트럼프스타 B/D 106호
281,용산,대구광역시,달서구,대구 달서구 용산1동 954-6
282,용산새방,대구광역시,달서구,대구 달서구 용산동 499-2
283,장기,대구광역시,달서구,대구 달서구 장기동 566-4
284,진천,대구광역시,달서구,대구 달서구 진천동 508
285,논공,대구광역시,달성군,대구 달성군 논공읍 북리 803-128
286,다사,대구광역시,달성군,대구 달성군 다사읍 죽곡리 809-1
287,명곡,대구광역시,달성군,대구 달성군 화원읍 명곡리 320-1
288,서재세천,대구광역시,달성군,대구 달성군 다사읍 서재리 423-15
289,테크노폴리스,대구광역시,달성군,대구 달성군 유가면 봉리 606 하이젠스타 115호
290,화원,대구광역시,달성군,대구 달성군 화원읍 천내리 54-1
291,대구혁신,대구광역시,동구,대구 동구 각산동 1098-5 102호
292,동구청,대구광역시,동구,대구 동구 효목1동 962-3
293,동호,대구광역시,동구,대구 동구 동호동 384-7
294,방촌,대구광역시,동구,대구 동구 방촌동 1118-121
295,신암대현,대구광역시,동구,대구 동구 신암동 806-3
296,신천1호,대구광역시,동구,대구 동구 신천동 501-5
297,신천2호,대구광역시,동구,대구 동구 신청동 377-12
298,율하,대구광역시,동구,대구 동구 율하동 1311번지 102호
299,지묘봉무,대구광역시,동구,대구 동구 지묘동 808-3
300,지저불로,대구광역시,동구,대구 동구 지저동 833-15
301,관음,대구광역시,북구,대구 북구 관음동 1383-9
302,구암,대구광역시,북구,대구 북구 태전동 1074-6
303,금호지구,대구광역시,북구,대구 북구 사수동 912
304,동서변,대구광역시,북구,대구 북구 동변동 669-4
305,동천3지구,대구광역시,북구,대구 북구 동천동 906-3
306,복현1호,대구광역시,북구,대구 북구 복현동 460-6
307,복현2호,대구광역시,북구,대구 북구 복현동 539 -110 복현서한타운 상가 103호
308,산격,대구광역시,북구,대구 북구 산격동 1400-20
309,원대,대구광역시,북구,대구 북구 노원동3가 892-1
310,침산,대구광역시,북구,대구 북구 침산동 457-31
311,태전,대구광역시,북구,대구 북구 태전동 254-30
312,팔달매천,대구광역시,북구,대구 북구 매천동 682
314,내당,대구광역시,서구,대구 서구 내당동 219-7
315,달성비산,대구광역시,서구,"대구 서구 비산 2,3동 3-50"
325,평리,대구광역시,서구,대구 서구 평리동 1093-11
326,만촌1호,대구광역시,수성구,대구 수성구 만촌동 849-2
327,만촌2호,대구광역시,수성구,대구 수성구 만촌1동 1330-12
328,범물,대구광역시,수성구,대구 수성구 범물동 1374-4
329,범어1호,대구광역시,수성구,대구 수성구 범어동 203-18
330,수성,대구광역시,수성구,대구 수성구 수성동4가 1022-11
331,시지1호,대구광역시,수성구,대구 수성구 매호동 1328-12
332,시지2호,대구광역시,수성구,대구 수성구 시지동 498번지 시지노변아파트 상가 2동 108호
333,중동,대구광역시,수성구,대구 수성구 중동 97-5
334,지산,대구광역시,수성구,"대구 수성구 지산동 1234, 113동 4호"
335,파동,대구광역시,수성구,대구 수성구 상동 380-2
336,황금,대구광역시,수성구,대구 수성구 두산동 133-1
337,남산대신,대구광역시,중구,대구 중구 남산3동 2466-14
338,중앙,대구광역시,중구,대구 중구 남일동 33-9
339,강화,인천광역시,강화군,인천 강화군 강화읍 갑곳리 199-1
340,계산1호,인천광역시,계양구,인천 계양구 계산동 1081-10
341,계산2호,인천광역시,계양구,인천 계양구 계산3동 61-2
342,임학박촌,인천광역시,계양구,인천 계양구 박촌동 52-3
343,작전1호,인천광역시,계양구,인천 계양구 작전동 149-1
344,효성1호,인천광역시,계양구,"인천 계양구 효성1동 21-11 현대아파트 상가동 101호, 102호, 103호"
345,효성2호,인천광역시,계양구,인천 계양구 효성2동 273-3
346,관교,인천광역시,남구,인천 남구 관교동 321-5
347,용현2동,인천광역시,남구,인천 남구 용현동 558-32
348,용현5동,인천광역시,남구,인천 남구 용현동 630-45
349,주안1호,인천광역시,남구,인천 남구 주안동 1523-2
350,주안3호,인천광역시,남구,인천 남구 주안동 929-11
351,학익1호,인천광역시,남구,인천 남구 학익동 293-37
352,간석1호,인천광역시,남동구,인천 남동구 구월동 70-80
353,구월,인천광역시,남동구,인천 남동구 구월동 1133-13
354,논현1호,인천광역시,남동구,인천 남동구 논현동 620-8
355,논현에코메트로,인천광역시,남동구,인천 남동구 논현동 752-1
356,만수1호,인천광역시,남동구,인천 남동구 만수동 1045 103호
357,만수2호,인천광역시,남동구,인천 남동구 만수2동 5-440
358,만수3호,인천광역시,남동구,인천 남동구 간석3동 921-14
359,서창,인천광역시,남동구,인천 남동구 서창동 706
368,송현,인천광역시,동구,인천 동구 송림동 234-1
369,부개1동,인천광역시,부평구,인천 부평구 부개동 265-3
370,부개3동,인천광역시,부평구,인천 부평구 부개동 12-127
371,부평1호,인천광역시,부평구,인천 부평구 부평동 451-30
372,부평2호,인천광역시,부평구,인천 부평구 부평동 889-8
373,산곡1호,인천광역시,부평구,인천 부평구 산곡동 369-270
374,산곡2호,인천광역시,부평구,인천 부평구 산곡동 119-54
375,산곡3호,인천광역시,부평구,인천 부평구 산곡2동 251-1
376,삼산,인천광역시,부평구,인천 부평구 삼산동 433-1
377,십정1호,인천광역시,부평구,인천 부평구 십정2동 488-41
378,가좌,인천광역시,서구,인천 서구 가좌동 30-78
379,검단1호,인천광역시,서구,인천 서구 검단로 왕길동 637-1
380,검암,인천광역시,서구,인천 서구 검암동 626-2번지 태건프라자 105호
381,당하,인천광역시,서구,인천 서구 마전동 585
382,불로원당,인천광역시,서구,인천 서구 당하동 1033-3 조이빌 103
383,석남가정,인천광역시,서구,인천 서구 가정동 505-4
384,연희1호,인천광역시,서구,인천 서구 심곡동 257-15
385,청라,인천광역시,서구,인천 서구 연희동 799-8 우리프라자 1층
386,동춘,인천광역시,연수구,인천 연수구 동춘동 934-1
387,선학연수3호,인천광역시,연수구,인천 연수구 선학동 406-2
388,송도1호,인천광역시,연수구,인천 연수구 송도동 21-59  302동 102호
389,송도드림시티,인천광역시,연수구,인천 연수구 송도동 3-2
390,연수중앙,인천광역시,연수구,인천 연수구 연수동 626
391,옥련,인천광역시,연수구,인천 연수구 옥련동 194-4
392,공항신도시,인천광역시,중구,인천 중구 운서동 2797-4 대원프라자
393,영종하늘도시,인천광역시,중구,"인천 중구 중산동 1884-4 108,109호"
394,소촌우산,광주광역시,광산구,광주 광산구 소촌동 244-6
395,송정1호,광주광역시,광산구,광주 광산구 도산동 1143
396,수완1호,광주광역시,광산구,광주 광산구 장덕동 1479번지 1층
397,수완2호,광주광역시,광산구,광주 광산구 수완동 1128번지  102호
398,신창,광주광역시,광산구,광주 광산구 신창동 1236-1
399,운남1호,광주광역시,광산구,광주 광산구 월곡2동 683-1
400,첨단1호,광주광역시,광산구,광주 광산구 산월동 첨단과학산업단지 884-2 호반상가 2동 103호
401,첨단2호,광주광역시,광산구,광주 광산구 쌍암동 655-4번지
402,하남1호,광주광역시,광산구,광주 광산구 산정동 977-13
403,노대효천,광주광역시,남구,광주 남구 노대동 814
404,백운,광주광역시,남구,광주 남구 서동 71-15
405,봉선1호,광주광역시,남구,광주 남구 주월1동 1253-4
406,봉선2호,광주광역시,남구,광주 남구 봉선2동 475
407,주월,광주광역시,남구,광주 남구 월산동 1034-17
408,진월,광주광역시,남구,광주 남구 진월동 870번지 한국아델리움 2차상가 230동 102호
409,계림,광주광역시,동구,광주 동구 장동 16-4
410,조선대,광주광역시,동구,광주 동구 지산동 500번지
411,학동,광주광역시,동구,광주 동구 학동 735-16
412,두암1호,광주광역시,북구,광주 북구 두암2동 826-50
413,문흥1호,광주광역시,북구,광주 북구 문흥동 980-15
414,양산1호,광주광역시,북구,광주 북구 양산동 877-1 1층
415,오치,광주광역시,북구,광주 북구 오치동 785-4
416,운암1호,광주광역시,북구,광주 북구 운암3동 1051-5
417,운암2호,광주광역시,북구,광주 북구 운암동 492-39
418,일곡1호,광주광역시,북구,광주 북구 일곡동 828-4
419,전남대,광주광역시,북구,광주 북구 용봉동161-15번지
420,첨단신용,광주광역시,북구,광주 북구 신용동 693
421,금호,광주광역시,서구,광주 서구 쌍촌동 881번지
422,동천,광주광역시,서구,광주 서구 동천동 527
423,마재,광주광역시,서구,"광주 서구 금호동 813 대주파크빌상가 124동 114호, 115호"
424,상무1호,광주광역시,서구,광주 서구 치평동 1181-2번지 107호
425,쌍촌1호,광주광역시,서구,광주 서구 쌍촌동 147
426,풍암1호,광주광역시,서구,광주 서구 풍암동 1048번지 호반 APT상가 104호
427,화정1호,광주광역시,서구,광주 서구 화정동 824-16
428,화정2호,광주광역시,서구,"광주 서구 농성동 666-1 1층 113,114호"
429,송촌1호,대전광역시,대덕구,대전 대덕구 송촌동 454-4
430,신탄진,대전광역시,대덕구,대전 대덕구 석봉동 309-1
431,한남대,대전광역시,대덕구,대전 대덕구 한남로 오정동 223-260
432,가오천동,대전광역시,동구,대전 동구 가오동 235-12
433,용운,대전광역시,동구,대전 동구 용운동 306-3
434,자양대동,대전광역시,동구,대전 동구 대동 192-1
435,가장내동,대전광역시,서구,대전 서구 가장동 50-45
436,갈마1호,대전광역시,서구,대전 서구 갈마2동 404-2 푸른아파트 상가 107-2
437,관저느리울,대전광역시,서구,대전 서구 관저동 1354
438,도마1호,대전광역시,서구,대전 서구 도마동 114-19
439,둔산1호,대전광역시,서구,대전 서구 둔산2동 1093 101호
440,둔산2호,대전광역시,서구,대전 서구 둔산동 1851
441,만년,대전광역시,서구,대전 서구 만년동 277
442,복수,대전광역시,서구,대전 서구 복수동 622
443,월평1호,대전광역시,서구,대전 서구 월평1동 845번지
444,탄방,대전광역시,서구,대전 서구 탄방동 723
445,관저1호,대전광역시,유성구,대전 유성구 원내동 829 외 1필지
446,관평,대전광역시,유성구,대전 유성구 관평동 1056
447,노은1지구,대전광역시,유성구,대전 유성구 노은동 553-9 스타돔 120호
448,노은2지구,대전광역시,유성구,대전 유성구 지족동 985-2
449,도안1지구,대전광역시,유성구,대전 유성구 상대동 469-9
450,송강,대전광역시,유성구,대전 유성구 봉산동 198-13
451,신성,대전광역시,유성구,대전 유성구 신성동 137-15
452,유성,대전광역시,유성구,대전 유성구 봉명동 621-1
453,전민,대전광역시,유성구,대전 유성구 전민동 306-13
454,대사부사,대전광역시,중구,대전 중구 대사동 69-53
455,문화1호,대전광역시,중구,대전 중구 문화동 466-16
456,용두오류,대전광역시,중구,대전 중구 용두동 26-1
457,중촌,대전광역시,중구,대전 중구 중촌동 98-16
458,태평1호,대전광역시,중구,대전 중구 유천동 326-13
459,공업탑,울산광역시,남구,울산 남구 신정동 1218-7
460,달동,울산광역시,남구,울산 남구 달동 135-2
461,무거1호,울산광역시,남구,울산 남구 무거동 1484-2
462,삼산,울산광역시,남구,울산 남구 달동 1331-20
463,삼산2호,울산광역시,남구,울산 남구 삼산동 203-15
464,수암,울산광역시,남구,울산 남구 신정4동 870-9
465,신정3동(구 신정3호점),울산광역시,남구,울산 남구 신정3동 177-1
466,야음1호,울산광역시,남구,울산 남구 선암동 679-3
467,야음2호,울산광역시,남구,울산 남구 야음1동 455-8
468,옥동,울산광역시,남구,울산 남구 옥동 1406-17
469,울대,울산광역시,남구,울산 남구 무거동 583-17
470,남목서부,울산광역시,동구,울산 동구 서부동 181-31
471,방어,울산광역시,동구,울산 동구 방어동 1149-1
472,전하,울산광역시,동구,울산 동구 전하2동 634-4
473,화정,울산광역시,동구,울산 동구 화정동 438-3
474,강동산하,울산광역시,북구,울산 북구 산하동 89
475,양정염포,울산광역시,북구,울산 북구 양정동 497-11
476,호계1호,울산광역시,북구,울산 북구 호계동 286-15
477,호계2호,울산광역시,북구,울산 북구 신천동 107-4
478,화봉,울산광역시,북구,울산 북구 연암동 414-3
479,구영,울산광역시,울주군,울산 울주군 범서읍 구영리 801-6
480,남창,울산광역시,울주군,울산 울주군 온양읍 운화리 56-6
481,덕신,울산광역시,울주군,울산 울주군 덕신리 1294-2
482,언양,울산광역시,울주군,울산 울주군 언양읍 동부리 147-1
483,웅촌,울산광역시,울주군,울산 울주군 청량면 삼정리 755-1 가동 216호
484,천상,울산광역시,울주군,울산 울주군 범서읍 천상리 650-5
485,다운,울산광역시,중구,울산 중구 다운동 536-1
486,반구1호,울산광역시,중구,울산 중구 반구동 874-3
487,반구2호,울산광역시,중구,울산 중구 반구동 99-17
488,복산,울산광역시,중구,울산 중구 복산동 399-12
489,성안,울산광역시,중구,울산 중구 성안동 804-10
490,약사병영,울산광역시,중구,울산 중구 약사동 629-17
491,옥교,울산광역시,중구,울산 중구 학산동 3-27
492,우정,울산광역시,중구,울산 중구 우정동 436-41
493,태화,울산광역시,중구,울산 중구 태화동 117-2
494,한솔,세종특별자치시,세종시,세종 한솔동 927
495,도담,세종특별자치시,세종시,세종 도담동 245-1
496,보람,세종특별자치시,보람동,세종시 보람동 628-4
497,가평,경기도,가평군,경기 가평군 가평읍 대곡리 230-23
498,청평,경기도,가평군,경기 가평군 청평면 청평리 452-5
499,현리,경기도,가평군,경기 가평군 하면 현리 259-7
500,고양동,경기도,고양시,경기 고양시 덕양구 고양동 176-8 104호
501,무원마을,경기도,고양시,경기 고양시 덕양구 행신동 719-9 (1층103호)
502,삼송,경기도,고양시,"경기 고양시 덕양구 신원로 185(신원동, 1층 상가 5~6호)"
503,원당,경기도,고양시,경기 고양시 덕양구 성사동 519-2
504,행신1호,경기도,고양시,경기 고양시 덕양구 행신동 995-2
505,화정1호,경기도,고양시,경기 고양시 덕양구 화정동 906-5 1층 102호
506,강선,경기도,고양시,경기 고양시 일산동구 정발산동 717-3
507,밤가시후곡,경기도,고양시,경기 고양시 일산동구 정발산동 1093
508,백마강촌,경기도,고양시,경기 고양시 일산동구 마두1동 734 백마마을4단지상가 106호
509,백송,경기도,고양시,경기 고양시 일산동구 백석동 1225 중앙프라자 103호
510,식사,경기도,고양시,경기 고양시 일산동구 식사동 1531
511,중산,경기도,고양시,경기 고양시 일산동구 중산동 1667-3
512,호수,경기도,고양시,경기 고양시 일산동구 백석동 1414-15
513,구일산,경기도,고양시,경기 고양시 일산서구 일산동 967-6
514,대화,경기도,고양시,경기 고양시 일산서구 대화동 2126-2 (동남빌딩 101호)
515,주엽,경기도,고양시,경기 고양시 일산서구 주엽2동 138 애비뉴상가 1층 1068호
516,탄현,경기도,고양시,경기 고양시 일산서구 탄현동 1501-4
517,과천1호,경기도,과천시,경기 과천시 원문동 4 레미안 슈르 A상가(4번지)동 제1층 1023호
518,광명1호,경기도,광명시,경기 광명시 광명동 295-4
519,소하1호,경기도,광명시,경기 광명시 소하동 1240-3
520,소하2호,경기도,광명시,"경기 광명시 소하동 1363, 신촌 휴먼시아 상가 106호"
521,철산1호,경기도,광명시,경기 광명시 철산동 210-1
522,철산2호,경기도,광명시,경기 광명시 철산동 92-1
523,하안1호,경기도,광명시,"경기 광명시 하안동 35-5, 영보빌딩 102호"
524,곤지암,경기도,광주시,경기 광주시 곤지암읍 곤지암리 443-9
525,광주1호,경기도,광주시,경기 광주시 경안동 154-1
526,신현,경기도,광주시,경기 광주시 오포읍 신현리 371-4
527,태전,경기도,광주시,경기 광주시 태전동 261-14
528,수택,경기도,구리시,경기 구리시 교문동 760-12
529,인창,경기도,구리시,경기 구리시 인창동 527-17
530,토평,경기도,구리시,경기 구리시 토평동 970-6 1층 상가
531,당동1호,경기도,군포시,경기 군포시 당동 904-5 그린프라자 102호
532,부곡,경기도,군포시,경기 군포시 부곡동 1132-4 1층
533,산본1호,경기도,군포시,경기 군포시 산본동 1106-3 101호
534,산본3호,경기도,군포시,경기 군포시 산본동 48 에덴다모은정아파트 1층
535,산본역,경기도,군포시,경기 군포시 산본동 1142-6
536,호계3호,경기도,군포시,경기 군포시 당정동 2-3
537,고촌,경기도,김포시,경기 김포시 고촌면 신곡리 1052
538,구래,경기도,김포시,경기 김포시 구래동 6883-1
539,사우,경기도,김포시,경기 김포시 사우동 998
540,운양,경기도,김포시,경기 김포시 운양동 1297-6 승문리앤포레 1차 1층
541,장기1호,경기도,김포시,경기 김포시 장기동 장기동 1360
542,통진1호,경기도,김포시,경기 김포시 서암리 758-79
543,풍무,경기도,김포시,경기 김포시 풍무동 429-11
544,덕소1호,경기도,남양주시,경기 남양주시 와부읍 덕소리 141-91
545,도농1호,경기도,남양주시,경기 남양주시 도농동 153-5
546,마석,경기도,남양주시,경기 남양주시 화도읍 마석우리 384-8
547,별내1호,경기도,남양주시,경기 남양주시 별내동 1078-3
548,별내2호,경기도,남양주시,경기 남양주시 별내동 846-7
549,오남,경기도,남양주시,경기 남양주시 오남읍 오남리 205-19
550,진건,경기도,남양주시,경기 남양주시 진건읍 사능리 353-4
551,진접장현리,경기도,남양주시,경기 남양주시 진접읍 장현리 672-1
552,진접지구,경기도,남양주시,경기 남양주시 진접읍 금곡리 1041-1
553,창현,경기도,남양주시,경기 남양주시 화도읍 창현리 462-3
554,퇴계원,경기도,남양주시,경기 남양주시 퇴계원면 퇴계원리 290-14
555,평내,경기도,남양주시,경기 남양주시 평내동 203-2
556,호평,경기도,남양주시,경기 남양주시 호평동 650-1
557,송내,경기도,동두천시,경기 동두천시 지행동 694 예일 복합타워 114호
558,괴안,경기도,부천시,경기 부천시 소사구 괴안동 39-2
559,소사범박,경기도,부천시,경기 부천시 소사구 소사본동 139-9
560,송내,경기도,부천시,경기 부천시 소사구 송내1동 366-13
561,심곡1호,경기도,부천시,경기 부천시 소사구 심곡본동 678-17
562,고강1호,경기도,부천시,경기 부천시 오정구 고강1동 305-4
563,원종도당,경기도,부천시,경기 부천시 오정구 원종1동 281-15
564,상동1호,경기도,부천시,경기 부천시 원미구 상2동 546-6 110호
565,상동역,경기도,부천시,경기 부천시 원미구 상동 523-3 대동프라자 1층 107호
566,송내로데오,경기도,부천시,경기 부천시 원미구 상동 400-2
567,신중동,경기도,부천시,경기 부천시 원미구 중동 1141-1
568,역곡2동,경기도,부천시,경기 부천시 원미구 역곡동 48-5
569,중동2호,경기도,부천시,경기 부천시 원미구 중4동 1033-3
570,동판교,경기도,성남시,경기 성남시 분당구 삼평동 664
571,무지개마을,경기도,성남시,경기 성남시 분당구 구미동 212-2
572,미금,경기도,성남시,경기 성남시 분당구 구미동 47-1
573,서판교,경기도,성남시,경기 성남시 분당구 판교동 612-3
574,서현,경기도,성남시,"경기 성남시 분당구 서현동 89-7, 삼성한신근린상가"
575,수내1호,경기도,성남시,경기 성남시 분당구 수내동 32 양지마을청구아파트
576,아름마을,경기도,성남시,"경기 성남시 분당구 야탑동 533-8, 미라보상가 1층 7호"
577,야탑1호,경기도,성남시,경기 성남시 분당구 야탑동 272-4
578,정자,경기도,성남시,경기 성남시 분당구 정자동 58-8
579,효자,경기도,성남시,경기 성남시 분당구 서현동 298-3  효자촌프라자 119호
580,수진1호,경기도,성남시,경기 성남시 수정구 수진동 88번지 102호
581,신흥1호,경기도,성남시,경기 성남시 수정구 신흥동 34
582,태평1동,경기도,성남시,경기 성남시 수정구 태평동 6974-1
583,금광1호,경기도,성남시,경기 성남시 중원구 금광동 2706
584,상대원1호,경기도,성남시,경기 성남시 중원구 상대원동 5027
585,은행1호,경기도,성남시,경기 성남시 중원구 은행동 663-3
586,고색,경기도,수원시,경기 수원시 권선구 고색동 31-4
587,곡반정,경기도,수원시,경기 수원시 권선구 곡반정동 584-4
588,권선1호,경기도,수원시,경기 수원시 권선구 권선동 1260-5
589,금곡1호,경기도,수원시,경기 수원시 권선구 금곡동 1088-1
590,탑동,경기도,수원시,경기 수원시 권선구 탑동 766-2
591,호매실,경기도,수원시,경기 수원시 권선구 호매실동 80-1
592,광교1호,경기도,수원시,경기 수원시 영통구 이의동 1332 CB 4~5호
593,매탄1호,경기도,수원시,경기 수원시 영통구 매탄동 1170-4
594,매탄2호,경기도,수원시,경기 수원시 영통구 매탄2동 199-69
595,매탄3호,경기도,수원시,경기 수원시 영통구 매탄4동 208-21
596,신영통1호,경기도,수원시,경기 수원시 영통구 망포동 369-3
597,영통1호,경기도,수원시,경기 수원시 영통구 영통동 1005-13
598,영통2호,경기도,수원시,"경기 수원시 영통구 영통동 945-4, 한솔프라자 109호"
599,연무1호,경기도,수원시,경기 수원시 장안구 연무동 249-13
600,율전1호,경기도,수원시,경기 수원시 장안구 율전동 305-6
601,정자1호,경기도,수원시,경기 수원시 장안구 정자동 41-2
602,정자2호,경기도,수원시,"경기 수원시 장안구 천천동 502-6, 1층"
603,조원1호,경기도,수원시,경기 수원시 장안구 조원동 729-12
604,파장,경기도,수원시,경기 수원시 장안구 송죽동 216-1
605,매교,경기도,수원시,경기 수원시 팔달구 매교동 186-3
606,아주대,경기도,수원시,경기 수원시 팔달구 우만동 85-3 우만동R타워
607,우만1호,경기도,수원시,경기 수원시 팔달구 우만1동 466-4
608,화서1호,경기도,수원시,"경기 수원시 팔달구 화서동 703 꽃뫼양지마을(대우아파트) 상가 105, 106호"
609,화서2호,경기도,수원시,경기 수원시 팔달구 화서1동 135-2
610,거모,경기도,시흥시,경기 시흥시 거모동 1757-1
611,능곡,경기도,시흥시,경기 시흥시 능곡동 545
612,목감신도시1호,경기도,시흥시,경기 시흥시 목감동 410-2
613,배곧신도시1호,경기도,시흥시,"경기 시흥시 정왕동 2475 에이플러스 115, 116호"
614,신천1호,경기도,시흥시,경기 시흥시 신천동 707-50
615,은행1호,경기도,시흥시,경기 시흥시 대야동 580-4
616,장곡,경기도,시흥시,"경기 시흥시 장곡동 802-1, 금강프라자 1층 108호"
617,정왕1호,경기도,시흥시,경기 시흥시 정왕동 1593-2
618,정왕2호,경기도,시흥시,경기 시흥시 정왕동 1859-3
619,정왕3호,경기도,시흥시,"경기 시흥시 정왕동 1726-1, 광개토빌딩 104호"
620,고잔1호,경기도,안산시,경기 안산시 단원구 고잔동 756-1
621,고잔2호,경기도,안산시,경기 안산시 단원구 와동 685-6
622,선부1호,경기도,안산시,경기 안산시 단원구 선부동 1064-5
623,원곡1호,경기도,안산시,경기 안산시 단원구 원곡동 754-6
624,본오1호,경기도,안산시,경기 안산시 상록구 본오동 879-10
625,부곡,경기도,안산시,경기 안산시 상록구 부곡동 670-2
626,사동1호,경기도,안산시,경기 안산시 상록구 사동 1201
627,사동2호,경기도,안산시,경기 안산시 상록구 사동 1376-7
628,월피,경기도,안산시,"경기 안산시 상록구 월피동 442-26, 1층"
629,일동,경기도,안산시,경기 안산시 상록구 일동 89-3
630,공도1호,경기도,안성시,경기 안성시 공도읍 만정리 417-98
631,안성1호,경기도,안성시,경기 안성시 연지동 94
632,안성2호,경기도,안성시,경기 안성시 인지동 397-1
633,진사리,경기도,안성시,"경기 안성시 공도읍 진사리 348, 서지프라자 106호"
634,관양,경기도,안양시,경기 안양시 동안구 관양동 1437-20 1층
635,비산1호,경기도,안양시,경기 안양시 동안구 비산동 566-7
636,평촌1호,경기도,안양시,경기 안양시 동안구 평촌동 922-2
637,평촌3호,경기도,안양시,경기 안양시 동안구 비산동 1059 층 A동 103호
638,호계1호,경기도,안양시,경기 안양시 동안구 호계2동 927-2
639,박달사거리,경기도,안양시,경기 안양시 만안구 박달동 85-15
640,석수1호,경기도,안양시,경기 안양시 만안구 석수1동 177-6
641,안양1번가,경기도,안양시,경기 안양시 만안구 안양동 674-241
642,안양1호,경기도,안양시,경기 안양시 만안구 안양동 765-8
643,안양2호,경기도,안양시,경기 안양시 만안구 안양 5동 448-22 진명빌딩 103호
644,고읍1호,경기도,양주시,경기 양주시 광사동 657   103호
646,덕정1호,경기도,양주시,경기 양주시 덕정동 240-27
649,백석,경기도,양주시,경기 양주시 백석읍 복지리 168-3
653,옥정,경기도,양주시,"경기 양주시 옥정동 966-1 (101호, 102호)"
661,양평,경기도,양평군,경기 양평군 양평읍 양근리 183-4
662,여주1호,경기도,여주시,경기 여주군 여주읍 하리 343-11
663,전곡,경기도,연천군,경기 연천군 전곡읍 전곡리 302-11
664,세마1호,경기도,오산시,경기 오산시 내삼미동 856-8
665,운암2호,경기도,오산시,"경기 오산시 오산동 919-3, 102호"
666,원동,경기도,오산시,경기 오산시 오산동 881-7
667,구갈2지구,경기도,용인시,경기 용인시 기흥구 구갈리 345-3
668,구성1호,경기도,용인시,경기 용인시 기흥구 마북동 370-9
669,동백1호,경기도,용인시,경기 용인시 기흥구 동백동 614-5
670,흥덕,경기도,용인시,경기 용인시 기흥구 영덕동 1007-6
671,상현1호,경기도,용인시,경기 용인시 수지구 상현동 3-4
672,상현역,경기도,용인시,경기 용인시 수지구 상현동 1160
673,성복,경기도,용인시,경기 용인시 수지구 성복동 162-3
674,수지1지구,경기도,용인시,경기 용인시 수지구 풍덕천동 29-10
675,수지2지구,경기도,용인시,경기 용인시 수지구 풍덕천동 697
676,죽전,경기도,용인시,경기 용인시 수지구 죽전동 1151 101호
677,둔전,경기도,용인시,경기 용인시 처인구 포곡읍 둔전리 400-2
678,용인1호,경기도,용인시,경기 용인시 처인구 김량장동 293-24
679,용인2호,경기도,용인시,경기 용인시 처인구 마평동 657-14
680,내손갈뫼,경기도,의왕시,경기 의왕시 내손1동 755-4 명성프라자
681,오전고천,경기도,의왕시,"경기 의왕시 오전동 276-1, 114호"
682,인덕원,경기도,의왕시,경기 의왕시 포일동 662
683,포일내손,경기도,의왕시,경기 의왕시 내손동 652-21
684,금오,경기도,의정부시,경기 의정부시 금오동 473-4
685,녹양,경기도,의정부시,경기 의정부시 가능동 92-51
686,민락,경기도,의정부시,경기 의정부시 민락동 834-3
687,신곡,경기도,의정부시,경기 의정부시 신곡동 484
688,신곡2호,경기도,의정부시,경기 의정부시 신곡1동 707-2
689,용현1호,경기도,의정부시,경기 의정부시 용현동 18-15
690,장암,경기도,의정부시,경기 의정부시 신곡1동 336
691,호원1호,경기도,의정부시,경기 의정부시 호원동 466-15
692,이천1호,경기도,이천시,경기 이천시 창전동 458-17
693,이천하이닉스,경기도,이천시,경기 이천시 부발읍 아미리 735
694,증포,경기도,이천시,경기 이천시 증포동 153-5
695,가람마을,경기도,파주시,경기 파주시 와동동 1557-1
696,교하신도시,경기도,파주시,경기 파주시 다율동 1001-6
697,금촌1호,경기도,파주시,경기 파주시 금촌동 790-10 1층
698,금촌로데오,경기도,파주시,경기 파주시 금촌동 986-2
699,문산,경기도,파주시,경기 파주시 문산읍 문산리 17-345 1층 5호
700,봉일천,경기도,파주시,경기 파주시 조리읍 봉일천리 142-3
701,운정1호,경기도,파주시,경기 파주시 동패동 1758
702,비전1호,경기도,평택시,경기 평택시 비전동 272-7
703,비전2호,경기도,평택시,경기 평택시 비전1동 793-7
704,세교,경기도,평택시,"경기 평택시 세교동 558 우성꿈그린@상가 105,106호"
705,송탄1호,경기도,평택시,경기 평택시 서정동 843-10
706,송탄2호,경기도,평택시,경기 평택시 지산동 995
707,안중1호,경기도,평택시,경기 평택시 안중읍 현화리 831
708,팽성1호,경기도,평택시,경기 평택시 팽성읍 안정리 26-49
709,포승1호,경기도,평택시,경기 평택시 도곡리 1142-16
710,송우,경기도,포천시,경기 포천시 소흘읍 송우리 729-3 파크프라자 1층
711,포천,경기도,포천시,경기 포천시 신읍동 47-10
712,덕풍1호,경기도,하남시,경기 하남시 덕풍동 309-64
713,미사1호,경기도,하남시,경기 하남시 망월동 1004-1
714,신장1호,경기도,하남시,경기 하남시 신장동 447-28
715,신장2호,경기도,하남시,경기 하남시 천현동 40-13
716,동탄1호,경기도,화성시,경기 화성시 반송동 42-6
717,동탄2 영천,경기도,화성시,경기 화성시 영천동 701-1
718,동탄2호,경기도,화성시,경기 화성시 반송동 217-6
719,발안1호,경기도,화성시,경기 화성시 향남면 행정리 426-11
720,병점1호,경기도,화성시,"경기 화성시 병점동 379-10 병점프라자 109호, 110호"
721,병점2호,경기도,화성시,경기 화성시 진안동 914-1
722,봉담1호,경기도,화성시,경기 화성시 상리 26-8
723,와우리,경기도,화성시,경기 화성시 기안동 338-4
724,강남,강원도,강릉시,강원 강릉시 노암동 708-1
725,교동1호,강원도,강릉시,강원 강릉시 교1동 1863-3
726,성덕,강원도,강릉시,강원 강릉시 입암동 498-13
727,주문진,강원도,강릉시,강원 강릉시 주문진읍 교항리 119-11
728,포남,강원도,강릉시,강원 강릉시 포남1동 1140-1
729,고성,강원도,고성군,강원 고성군 간성읍 신안리 218
730,묵호,강원도,동해시,강원 동해시 부곡동 74-5
731,북삼,강원도,동해시,강원 동해시 쇄운동 84-5
732,천곡,강원도,동해시,강원 동해시 천곡동 1044-2
733,삼척,강원도,삼척시,강원 삼척시 남양동 17-2
734,교동,강원도,속초시,강원 속초시 교동 974-2
735,동명,강원도,속초시,강원 속초시 동명동 1-18
736,조양,강원도,속초시,강원 속초시 조양동 1540 부영파아트 상가동 102호
737,양구,강원도,양구군,강원 양구군 양구읍 상리 227-105
738,양양,강원도,양양군,강원 양양군 양양읍 남문리 125
739,영월,강원도,영월군,강원 영월군 영월읍 하송1리 6반 178-11
740,개운,강원도,원주시,강원 원주시 개운동 395-23
741,늘품,강원도,원주시,강원 원주시 반곡동 1767-54
742,단계,강원도,원주시,강원 원주시 단계동 837
743,단구,강원도,원주시,강원 원주시 관설동 1701-4
744,명륜,강원도,원주시,강원 원주시 명륜동 539
745,무실,강원도,원주시,강원 원주시 무실동 1664-3
746,문막,강원도,원주시,강원 원주시 문막읍 건등리 1705-3
747,우산,강원도,원주시,강원 원주시 우산동 226-10
748,일산,강원도,원주시,강원 원주시 원동 278-7
749,태장,강원도,원주시,강원 원주시 태장동 북원로 2716-1
750,혁신,강원도,원주시,강원 원주시 반곡동 1880-7
751,원통,강원도,인제군,강원 인제군 북면 원통리 645-32
752,사북고한,강원도,정선군,강원 정선군 사북읍 사북리 344-56
753,교대,강원도,춘천시,강원 춘천시 석사동 291-15
754,석사1호,강원도,춘천시,강원 춘천시 석사동 748-18(33통405)
755,신사우동,강원도,춘천시,강원 춘천시 우두동 1052-29
756,춘천시청,강원도,춘천시,강원 춘천시 소양로 3가 181-9
757,퇴계2호,강원도,춘천시,강원 춘천시 퇴계동 87
758,효자,강원도,춘천시,강원 춘천시 효자1동 661-16
759,후평1호,강원도,춘천시,강원 춘천시 후평동 836-1
760,후평사거리,강원도,춘천시,강원 춘천시 후평1동 693-4
761,태백1호,강원도,태백시,강원 태백시 상장동 87-36
762,홍천,강원도,홍천군,강원 홍천군 홍천읍 신장대리 8-9
763,사창,강원도,화천군,강원 화천군 사내면 사창리 457-12
764,화천,강원도,화천군,강원 화천군 화천읍 하리 44-45
765,횡성,강원도,횡성군,강원 횡성군 횡성읍 읍하리 107-48
766,단양,충청북도,단양군,충북 단양군 단양읍 도전리 523
767,보은,충청북도,보은군,충북 보은군 보은읍 삼산리 153-2
768,금왕,충청북도,음성군,충북 음성군 금왕군 무극리 629
769,대소,충청북도,음성군,충북 음성군 대소면 태생리 539-170
770,음성,충청북도,음성군,충북 음성군 음성읍 읍내리 354-3
771,음성혁신도시,충청북도,음성군,충북 음성군 맹동면 두성리 1251
772,장호원감곡,충청북도,음성군,충북 음성군 감곡면 왕장리 523-8
773,명동,충청북도,제천시,충북 제천시 명동 198번지
774,신백,충청북도,제천시,충북 제천시 신백동 214-7
775,장락,충청북도,제천시,충북 제천시 장락동 877
776,청전,충청북도,제천시,충북 제천시 의림동 7-26
777,증평,충청북도,증평군,충북 증평군 증평읍 초중리 8-1
778,광혜원,충청북도,진천군,충북 진천군 광혜원면 광혜원리 503-7
779,진천,충청북도,진천군,충북 진천군 진천읍 읍내리 415-2
780,오창1호,충청북도,청원군,충북 청원군 오창면 각리 650-1
781,금천광장,충청북도,청주시,"충북 청주시 상당구 용암동 411,412"
782,용암1호,충청북도,청주시,충북 청주시 상당구 용암동 2163번지
783,우암동,충청북도,청주시,충북 청주시 상당구 우암동 123-81
784,분평,충청북도,청주시,충북 청주시 서원구 분평동 1234
785,가경2호,충청북도,청주시,충북 청주시 흥덕구 개신동 696 매직타워 1층 110호
786,복대1호,충청북도,청주시,충북 청주시 흥덕구 복대동 865-4
787,봉명1호,충청북도,청주시,충북 청주시 흥덕구 봉명동 2813
788,사직1호,충청북도,청주시,충북 청주시 흥덕구 사직2동 595-12
789,산남성화,충청북도,청주시,충북 청주시 흥덕구 성화동 886번지 101호
790,오송,충청북도,청주시,충북 청주시 흥덕구 오송읍 호송읍 만수리 521
791,운천신봉,충청북도,청주시,충북 청주시 흥덕구 운천동 1366
792,하복대,충청북도,청주시,충북 청주시 흥덕구 복대동 2960
793,갱고개,충청북도,충주시,충북 충주시 갱고개로 41
794,봉방문화교현,충청북도,충주시,충북 충주시 교현동 624-6
795,성내용산,충청북도,충주시,충북 충주시 용산동 598
796,연수,충청북도,충주시,충북 충주시 연수동 1610
797,계룡대,충청남도,계룡시,충남 계룡시 엄사면 엄사리 253-2
798,신관,충청남도,공주시,충남 공주시 신관동 24-25
799,옥룡,충청남도,공주시,충남 공주시 옥룡동 308-1
800,금산,충청남도,금산군,충남 금산군 금산읍 상리 47-10
801,취암,충청남도,논산시,충남 논산시 내동 628
802,기지시,충청남도,당진시,충남 당진시 반촌리 861-20
803,복운,충청남도,당진시,충남 당진시 송악면 복운리 1642-11
804,신평,충청남도,당진시,충남 당진시 신평면 거산리 13-4번지 1층
805,읍내,충청남도,당진시,충남 당진시 읍내동 850
806,채운,충청남도,당진시,충남 당진시 읍내동 1541
807,합덕,충청남도,당진시,충남 당진시 합덕읍 운산리 266-2
808,동대,충청남도,보령시,충남 보령시 동대동 1766
809,부여,충청남도,부여군,충남 부여군 부여읍 관북리 133-5
810,대산,충청남도,서산시,충남 서산시 대산읍 산리 129-5
811,동문,충청남도,서산시,충남 서산시 동문동 406-2
812,서산테크노,충청남도,서산시,충남 서산시 오사리 1666
813,석림,충청남도,서산시,충남 서산시 동문동 999-6
814,읍내,충청남도,서산시,충남 서산시 읍내동 276-5
815,서천,충청남도,서천군,충남 서천군 군사리 718-11
816,권곡,충청남도,아산시,충남 아산시 권곡동 549-26
817,배미,충청남도,아산시,충남 아산시 배미동 239-17
818,배방1호,충청남도,아산시,충남 아산시 배방읍 공수리 89-28
819,온천,충청남도,아산시,충남 아산시 온천동 1310
820,용화,충청남도,아산시,충남 아산시 용화동 714
821,예산,충청남도,예산군,충남 예산군 예산읍 산성리 709-4
822,목천,충청남도,천안시,충남 천안시 동남구 목천읍 신계리 134-18
823,병천,충청남도,천안시,충남 천안시 동남구 병천면 병천리 156-5
824,신방1호,충청남도,천안시,충남 천안시 동남구 신방동 74-19 부흥빌딩 104호
825,신방통정,충청남도,천안시,충남 천안시 동남구 신방동 1538
826,신부1호,충청남도,천안시,충남 천안시 동남구 신부동 728
827,원성,충청남도,천안시,충남 천안시 동남구 원성2동 518-4
828,청수,충청남도,천안시,충남 천안시 동남구 청당동 513
829,두정,충청남도,천안시,충남 천안시 서북구 성정2동 1211
830,백석,충청남도,천안시,충남 천안시 서북구 백석동 910번지 주공아파트상가 103호
831,불당,충청남도,천안시,충남 천안시 서북구 불당동 1630
832,성거,충청남도,천안시,충남 천안시 서북구 성거읍 저리 65-1
833,성환1호,충청남도,천안시,충남 천안시 서북구 성환읍 매주리 325-5 외 1
834,직산1호,충청남도,천안시,충남 천안시 서북구 직산읍 삼은리 76-177
835,태안,충청남도,태안군,충남 태안군 태안읍 동문리 264-7
836,내포1호,충청남도,홍성군,충남 홍성군 홍북면 신경리 1181번지 승우빌딩 107호
837,오관,충청남도,홍성군,충남 홍성군 홍성읍 대교리 577
838,고창,전라북도,고창군,전북 고창군 고창읍 교촌리 506
839,구암조촌,전라북도,군산시,전북 군산시 조촌동 2-21
840,군산대,전라북도,군산시,전북 군산시 미룡동 867-2
841,나운1호,전라북도,군산시,전북 군산시 나운동 834-7
842,미장수송,전라북도,군산시,전북 군산시 수송동 836-8
843,소룡산북,전라북도,군산시,전북 군산시 소룡동 1545-5번지
844,지곡,전라북도,군산시,전북 군산시 지곡동 495-1
845,김제,전라북도,김제시,전북 김제시 신풍동 594-4번지
846,남원,전라북도,남원시,전북 남원시 도통동 387-12
847,무주,전라북도,무주군,전북 무주군 무주읍 읍내리 962
848,무주구천,전라북도,무주군,전북 무주군 설천면 삼공리 364-4
849,부안,전라북도,부안군,전북 부안군 부안읍 봉덕리 826-1
850,순창,전라북도,순창군,전북 순창군 순창읍 순화리 282-6
851,봉동,전라북도,완주군,전북 완주군 봉동읍 둔산리 907-5  101호
852,삼례우석대,전라북도,완주군,전북 완주군 삼례읍 후정리 13-8
853,동산,전라북도,익산시,전북 익산시 마동 344-5
854,모현,전라북도,익산시,전북 익산시 모현동1가 857
855,부송,전라북도,익산시,전북 익산시 부송동 710-5
856,영등1호,전라북도,익산시,전북 익산시 영등동 766-1
857,영등2호,전라북도,익산시,전북 익산시 영등동 843-5
858,원광대,전라북도,익산시,"전북 익산시 신동 764-4 시즈퍼스트 상가112호, 113호"
859,임실,전라북도,임실군,전북 임실군 임실읍 이도리 294
860,동산조촌,전라북도,전주시,전북 전주시 덕진구 반월동 230-6
861,솔내,전라북도,전주시,전북 전주시 덕진구 송천동1가 405-1
862,송천,전라북도,전주시,전북 전주시 덕진구 송천동2가 179-116
863,아중,전라북도,전주시,전북 전주시 덕진구 인후동1가 834-4
864,전북대,전라북도,전주시,전북 전주시 덕진구 덕진동1가 1314-201
865,하가덕진,전라북도,전주시,전북 전주시 덕진구 덕진동2가 670-1
866,호성,전라북도,전주시,전북 전주시 덕진구 호성동1가 757-26
867,삼천1호,전라북도,전주시,전북 전주시 완산구 삼천동1가 621
868,서곡효자,전라북도,전주시,전북 전주시 완산구 효자동3가 1609-16
869,서신,전라북도,전주시,전북 전주시 완산구 서신동 938-5
870,신시가지,전라북도,전주시,전북 전주시 완산구 효자동2가 1327-1
871,안행,전라북도,전주시,전북 전주시 완산구 효자동1가 202-1
872,중앙,전라북도,전주시,전북 전주시 완산구 고사동 470-3
873,중화산,전라북도,전주시,전북 전주시 완산구 중화산동2가 777-6
874,평화1호,전라북도,전주시,전북 전주시 완산구 평화동2가 230-112
875,혁신,전라북도,전주시,전북 전주시 완산구 중동 9-18
876,효자,전라북도,전주시,전북 전주시 완산구 효자동1가 652
877,상동,전라북도,정읍시,전북 정읍시 장명동 169-10
878,수성,전라북도,정읍시,전북 정읍시 수성동 944-9
879,강진,전라남도,강진군,전남 강진군 강진읍 남성리 5-4
880,읍내,전라남도,광양시,전남 광양시 광양읍 칠성리 947-3
881,중마1호,전라남도,광양시,전남 광양시 마동 1037-4
882,중마2호,전라남도,광양시,전남 광양시 중동 1654-3
883,나주,전라남도,나주시,전남 나주시 대호동 1040-7
884,빛가람1호,전라남도,나주시,전남 나주시 빛가람동 190-3
885,담양,전라남도,담양군,전남 담양군 담양읍 백동리 247-7
886,삼학,전라남도,목포시,전남 목포시 산정동 1386-8
887,상동석현,전라남도,목포시,전남 목포시 석현동 1173-2
888,옥암,전라남도,목포시,전남 목포시 옥암동 1248-2
889,용해,전라남도,목포시,전남 목포시 용해동 769-5
890,원산,전라남도,목포시,전남 목포시 산정동 1693-3
891,하당,전라남도,목포시,전남 목포시 상동 1116-8번지
892,남악,전라남도,무안군,전남 무안군 삼향읍 남악리 1577 골든스위트 125호
893,무안읍,전라남도,무안군,전남 무안군 무안읍 성남리 813-45
894,보성,전라남도,보성군,전남 보성군 보성읍 보성리 831-19
895,금당1호,전라남도,순천시,전남 순천시 조례동 1612번지 1-4호
896,남부,전라남도,순천시,전남 순천시 풍덕동 1265-5
897,순천대점,전라남도,순천시,전남 순천시 석현동 80-5
898,신대,전라남도,순천시,전남 순천시 해룡면 신대리 2019-4
899,연향,전라남도,순천시,전남 순천시 연향동 1351-1
900,조례,전라남도,순천시,전남 순천시 조례1동 1687-16
901,팔마,전라남도,순천시,전남 순천시 연향동 1681-3   1층
902,국동,전라남도,여수시,전남 여수시 신월동 96-1
903,둔덕,전라남도,여수시,전남 여수시 둔덕동 434-7
904,문수,전라남도,여수시,전남 여수시 문수동 124-1
905,신기,전라남도,여수시,전남 여수시 신기동 117-7
906,안산,전라남도,여수시,전남 여수시 안산동 470-2
907,여서,전라남도,여수시,전남 여수시 여서동 240-8
908,죽림무선,전라남도,여수시,전남 여수시 소라면 죽림리 1226-3
909,영광,전라남도,영광군,전남 영광군 영광읍 남천리 339-4
910,삼호,전라남도,영암군,전남 영암군 삼호읍 용앙리 481
911,완도,전라남도,완도군,전남 완도군 완도읍 군내리 1237-16 1층
912,장흥,전라남도,장흥군,전남 장흥군 장흥읍 건산리 736-10
913,해남,전라남도,해남군,전남 해남군 해남읍 읍내리 31-2
914,화순,전라남도,화순군,전남 화순군 화순읍 일심리 755
915,경산,경상북도,경산시,경북 경산시 옥산동 758-10(1층)
916,경산오거리,경상북도,경산시,경북 경산시 중방동 880-23
917,계양사동,경상북도,경산시,경북 경산시 사동 663-6
918,영대,경상북도,경산시,경북 경산시 압량면 신대리 497
919,진량,경상북도,경산시,경북 경산시 진량읍 봉회리 81-3
920,하양,경상북도,경산시,경북 경산시 하양읍 금락리 130-18
921,동천,경상북도,경주시,경북 경주시 동천동 791
922,성건중앙,경상북도,경주시,경북 경주시 성건동 625-13
923,안강,경상북도,경주시,경북 경주시 안강읍 산대리 2400-2
924,충효,경상북도,경주시,경북 경주시 충효동 3002-1
925,황성,경상북도,경주시,경북 경주시 황성동 893-3
926,도량,경상북도,구미시,경북 구미시 도량동 262-1
927,봉곡,경상북도,구미시,경북 구미시 봉곡동 302-4
928,상모,경상북도,구미시,경북 구미시 상모동 42-7
929,선산,경상북도,구미시,경북 구미시 선산읍 동부리 416
930,송정,경상북도,구미시,경북 구미시 송정동 38-5 우방타운 206동2호
931,신평공단,경상북도,구미시,경북 구미시 신평동 129-2
932,옥계,경상북도,구미시,경북 구미시 옥계동 843-1
933,원평,경상북도,구미시,경북 구미시 원평동 84-5
934,원호,경상북도,구미시,경북 구미시 고아읍 원호리 442-2
935,인동,경상북도,구미시,경북 구미시 인의동 341-2
936,진평,경상북도,구미시,경북 구미시 진평동 29-5
937,형곡,경상북도,구미시,경북 구미시 형곡동 152-4
938,김천,경상북도,김천시,경북 김천시 신음동 1301-4
939,김천혁신,경상북도,김천시,경북 김천시 율곡동 364
940,부곡,경상북도,김천시,경북 김천시 부곡동 426-1
941,점촌,경상북도,문경시,경북 문경시 모전동 866
942,상주,경상북도,상주시,경북 상주시 무양동 213-3
943,성주,경상북도,성주군,경북 성주군 성주읍 성산리 2102-4
944,경북도청,경상북도,안동시,경북 안동시 풍천면 갈전리 1325
945,금곡,경상북도,안동시,경북 안동시 당북동 311-8
946,송현오거리,경상북도,안동시,경북 안동시 송현동 260-5
947,옥동,경상북도,안동시,경북 안동시 옥동 791-2
948,용상,경상북도,안동시,경북 안동시 용상동 1179-188
949,가흥,경상북도,영주시,경북 영주시 가흥동 1881
950,영주,경상북도,영주시,경북 영주시 휴천동 642-362
951,중앙,경상북도,영주시,경북 영주시 영주2동 536-15
952,풍기,경상북도,영주시,경북 영주시 풍기읍 성내리 60
953,영천1호,경상북도,영천시,경북 영천시 망정동175-12
954,울진,경상북도,울진군,경북 울진군 울진읍 읍내리 576-1
955,청도,경상북도,청도군,경북 청도군 청도읍 고수리 503
956,북삼,경상북도,칠곡군,경북 칠곡군 북삼읍 인평리 246-3
957,석적,경상북도,칠곡군,경북 칠곡군 석적읍 중리 203-5
958,왜관,경상북도,칠곡군,경북 칠곡군 왜관읍 왜관리 237-19
959,구룡포,경상북도,포항시,경북 포항시 남구 구룡포읍 구룡포1리 742
960,남부,경상북도,포항시,경북 포항시 남구 대도동 124-13
961,대해중앙,경상북도,포항시,경북 포항시 남구 대도동 97-4
962,송도,경상북도,포항시,경북 포항시 남구 해도동 25-28
963,연일,경상북도,포항시,경북 포항시 남구 생지리 157-9
964,오천,경상북도,포항시,경북 포항시 남구 오천읍 원리 913-2
965,효곡,경상북도,포항시,경북 포항시 남구 효자동 579-1 풍림아이원상가 107호
966,양덕,경상북도,포항시,경북 포항시 북구 양덕동 1574
967,양학대이,경상북도,포항시,경북 포항시 북구 득량동 2-1
968,용흥,경상북도,포항시,경북 포항시 북구 용흥동 373-23
969,우현,경상북도,포항시,경북 포항시 북구 우현동 산15-6
970,장성,경상북도,포항시,경북 포항시 북구 장성동 1355-4
971,죽도,경상북도,포항시,경북 포항시 북구 대흥동 592-2
972,환호장량,경상북도,포항시,경북 포항시 북구 장성동 1378-3
973,흥해,경상북도,포항시,경북 포항시 북구 흥해읍 옥성리 238-5
974,고현상동,경상남도,거제시,경남 거제시 고현동 406-18
975,아주,경상남도,거제시,경남 거제시 아주동 1178-2
976,옥포,경상남도,거제시,경남 거제시 옥포동 160-1
977,장평,경상남도,거제시,경남 거제시 장평동 274
978,중곡수월,경상남도,거제시,경남 거제시 고현동 997
979,거창1호,경상남도,거창군,경남 거창군 거창읍 대동리 697-5
980,고성,경상남도,고성군,경남 고성군 고성읍 동외리 345-7
981,구산,경상남도,김해시,경남 김해시 구산동 275-8
982,내동,경상남도,김해시,경남 김해시 내동 138-1
983,대청,경상남도,김해시,경남 김해시 대청동 61-1
984,부원봉황,경상남도,김해시,경남 김해시 부원동 603-2
985,삼계1호,경상남도,김해시,경남 김해시 삼계동 1479-4
986,삼방,경상남도,김해시,경남 김해시 삼방동 691-2 한일상가 108호
987,삼정,경상남도,김해시,경남 김해시 삼정동 590-1
988,어방,경상남도,김해시,경남 김해시 어방동 523-2
989,외동,경상남도,김해시,경남 김해시 외동 1187-12
990,율하,경상남도,김해시,경남 김해시 관동동 1064-6
991,장유1호,경상남도,김해시,경남 김해시 내덕동 220-1 101호
992,지내안동,경상남도,김해시,경남 김해시 지내동 67-1
993,진영,경상남도,김해시,경남 김해시 진영읍 진영리 1629-2
994,남해,경상남도,남해군,경남 남해군 남해읍 서변리 160-11
995,내일동,경상남도,밀양시,경남 밀양시 내이동 1566-6
996,삼문상남,경상남도,밀양시,경남 밀양시 삼문동 717-11
997,동금,경상남도,사천시,경남 사천시 동금동 58-4
998,벌용,경상남도,사천시,경남 사천시 벌리동 255-9
999,사남,경상남도,사천시,경남 사천시 사남면 월성리 64-3
1000,사천,경상남도,사천시,경남 사천시 사천읍 수석리 293-23
1001,산청,경상남도,산청군,경남 산청군 산청읍 옥산리 249
1002,덕계,경상남도,양산시,경남 양산시 덕계동 750
1003,물금,경상남도,양산시,경남 양산시 물금읍 범어리 2682-10
1004,삼성,경상남도,양산시,경남 양산시 북정동 885-12
1005,상북,경상남도,양산시,경남 양산시 상북면 석계리 242-1
1006,서창1호,경상남도,양산시,경남 양산시 삼호동 707-2
1007,석산,경상남도,양산시,경남 양산시 동면 금산리 1422-14
1008,중앙,경상남도,양산시,경남 양산시 중부동 684-6
1009,증산,경상남도,양산시,경남 양산시 물금읍 가촌리 1269-3
1010,통도사,경상남도,양산시,경남 양산시 하북면 순지리 814-5
1011,가호,경상남도,진주시,경남 진주시 가좌동 1431-2
1012,금산,경상남도,진주시,경남 진주시 금산면 장사리 1022-1
1013,상대,경상남도,진주시,경남 진주시 상대동 238-3
1014,상봉중앙,경상남도,진주시,경남 진주시 중안동 2-11
1015,상평,경상남도,진주시,경남 진주시 상평동 198-43
1016,신안평거,경상남도,진주시,경남 진주시 신안동 439-7
1017,이현인사,경상남도,진주시,경남 진주시 인사동 145-5
1018,초장,경상남도,진주시,경남 진주시 초전동 1704-7
1019,칠암망경,경상남도,진주시,경남 진주시 칠암동 491-47
1020,판문평거,경상남도,진주시,경남 진주시 평거동 733-1번지
1021,하대초전,경상남도,진주시,경남 진주시 하대동 306-38
1022,혁신,경상남도,진주시,경남 진주시 충무공동 38-1 뽀빠이프라자 1층 113호
1023,남지,경상남도,창녕군,경남 창녕군 남지읍 남지리 994-7
1024,창녕,경상남도,창녕군,경남 창녕군 창녕읍 송현리 238-1
1025,문화중앙,경상남도,창원시,경남 창원시 마산합포구 중앙동2가 5-42번지
1026,월영,경상남도,창원시,경남 창원시 마산합포구 해운동 42-11
1027,자산교방,경상남도,창원시,경남 창원시 마산합포구 자산동 301-19
1028,진동,경상남도,창원시,경남 창원시 마산합포구 진동면 진동리 436
1029,창동산호,경상남도,창원시,경남 창원시 마산합포구 산호동 338-35
1030,내서삼계,경상남도,창원시,경남 창원시 마산회원구 삼계리 35-14
1031,양덕,경상남도,창원시,경남 창원시 마산회원구 양덕2동 73-35
1032,합성,경상남도,창원시,경남 창원시 마산회원구 합성2동 131-7
1033,호계,경상남도,창원시,경남 창원시 마산회원구 내서읍 호계리 289-45
1034,회원,경상남도,창원시,경남 창원시 마산회원구 회원2동 669-4
1035,남양,경상남도,창원시,경남 창원시 성산구 가음동 7-2 더원빌딩 104호
1036,대방,경상남도,창원시,경남 창원시 성산구 성주동 100
1037,반송,경상남도,창원시,경남 창원시 성산구 반지동 55-18
1038,사파,경상남도,창원시,경남 창원시 성산구 사파동 113-16
1039,중앙,경상남도,창원시,경남 창원시 성산구 중앙동 100-1
1040,감계,경상남도,창원시,경남 창원시 의창구 북면 감계리 246-4
1041,도계명서,경상남도,창원시,경남 창원시 의창구 도계동 396-9
1042,동읍,경상남도,창원시,경남 창원시 의창구 동읍 용잠리 371-2
1043,봉곡사림,경상남도,창원시,경남 창원시 의창구 봉곡동 132-18
1044,용지호수,경상남도,창원시,경남 창원시 의창구 용호동 73-50
1045,중동소답,경상남도,창원시,경남 창원시 의창구 서상동 666-6
1046,팔용,경상남도,창원시,경남 창원시 의창구 팔용동 183-10
1047,석동덕산,경상남도,창원시,경남 창원시 진해구 석동 139-6
1048,웅동용원,경상남도,창원시,경남 창원시 진해구 용원동 1214-11
1049,중앙,경상남도,창원시,경남 창원시 진해구 여좌동 925-40
1050,태평,경상남도,창원시,경남 창원시 진해구 수송동 12-11
1051,풍호,경상남도,창원시,경남 창원시 진해구 풍호동 305-17
1052,미수봉평,경상남도,통영시,경남 통영시 미수동 22-1번지 운하상가 115호
1053,북신무전,경상남도,통영시,경남 통영시 북신동 693-7
1054,죽림,경상남도,통영시,경남 통영시 광도면 죽림리 1574-57 가동 103호
1055,함안,경상남도,함안군,경남 함안군 가야읍 말산리 58-16
1056,함양,경상남도,함양군,경남 함양군 함양읍 용평리 773-1
1057,합천,경상남도,합천군,경남 합천군 합천읍 합천리 320-3
1058,대정,제주특별자치도,서귀포시,제주 서귀포시 대정읍 하모리 1048-4
1059,서귀포1호,제주특별자치도,서귀포시,제주 서귀포시 동흥동 117-6
1060,서귀포명동,제주특별자치도,서귀포시,제주 서귀포시 서귀동 408-3
1061,서귀포혁신도시,제주특별자치도,서귀포시,제주 서귀포시 강정동 166-10
1062,성산일출봉,제주특별자치도,서귀포시,제주 서귀포시 성산읍 성산리 362-1
1063,중문,제주특별자치도,서귀포시,제주 서귀포시 중문동 1965-9
1064,건입,제주특별자치도,제주시,제주 제주시 일도2동 160-9
1065,노형,제주특별자치도,제주시,제주 제주시 노형동 1055-1
1066,도두해안도로,제주특별자치도,제주시,제주 제주시 도두1동 2625-4
1067,삼양화북,제주특별자치도,제주시,제주 제주시 화북1동 1023-2
1068,아라이도,제주특별자치도,제주시,제주 제주시 이도2동 1970-24
1069,애월하귀,제주특별자치도,제주시,제주 제주시 애월읍 하귀1리 167
1070,용담삼도,제주특별자치도,제주시,제주 제주시 용담2동 624-10 1층
1071,이도일도,제주특별자치도,제주시,제주 제주시 이도이동 1179-18
1072,제주1호,제주특별자치도,제주시,제주 제주시  연동 272-30
1073,탑동,제주특별자치도,제주시,제주 제주시 삼도이동 1192-22
1074,한림협재,제주특별자치도,제주시,제주 제주시 한림읍 한림리 1582-8
1075,함덕,제주특별자치도,제주시,제주 제주시 조천읍 함덕리 1004-41
